temp,humidity,soil_moisture,pump_status
27,52,3,0
27,52,3,0
27,52,3,0
27,52,3,0
27,52,3,0
27,52,3,0
27,52,3,0
27,52,3,0
27,52,3,0
27,52,3,0
27,52,3,0
27,52,3,0
27,52,3,0
27,52,3,0
27,52,3,0
27,52,3,0
27,52,3,0
27,52,3,0
27,52,3,0
27,52,3,0
27,52,3,0
27,52,3,0
27,52,3,0
27,52,3,0
27,52,3,0
27,52,3,0
27,52,3,0
27,52,3,0
27,52,3,0
27,52,3,0
27,52,3,0
27,52,3,0
27,52,3,0
27,52,3,0
27,52,3,0
27,52,3,0
27,52,3,0
27,52,3,0
27,52,3,0
27,52,3,0
27,52,3,0
27,52,3,0
27,52,3,0
27,52,3,0
27,52,3,0
27,52,3,0
27,52,3,0
27,52,3,0
27,52,3,0
27,52,3,0
27,52,3,0
27,52,3,0
27,52,3,0
27,52,3,0
27,52,3,0
27,52,3,0
27,52,3,0
27,52,3,0
27,52,3,0
27,52,3,0
27,52,3,0
27,52,3,0
27,52,3,0
27,52,3,0
27,52,3,0
27,52,3,0
27,52,3,0
27,52,3,0
27,52,3,0
27,52,3,0
27,52,3,0
27,52,3,0
27,52,3,0
27,52,3,0
27,52,3,0
27,52,3,0
27,52,3,0
27,52,3,0
27,52,3,0
27,52,3,0
27,52,3,0
27,52,3,0
27,52,3,0
27,52,3,0
27,52,3,0
27,52,3,0
27,52,3,0
27,52,3,0
27,52,3,0
27,52,3,0
27,52,3,0
27,52,3,0
27,52,3,0
27,52,3,0
27,52,3,0
27,52,3,0
27,52,3,0
27,52,3,0
27,52,3,0
27,52,3,0
27,52,3,0
27,52,3,0
27,52,3,0
27,52,3,0
27,52,3,0
27,52,3,0
27,52,3,0
27,52,3,0
27,52,3,0
27,52,3,0
27,52,3,0
27,52,3,0
27,52,3,0
27,52,3,0
27,52,3,0
27,52,3,0
27,52,3,0
27,52,3,0
27,52,3,0
27,52,3,0
27,52,3,0
27,52,3,0
27,52,3,0
27,52,3,0
27,52,3,0
27,52,3,0
27,52,3,0
27,52,3,0
27,52,3,0
27,52,3,0
27,52,3,0
27,52,3,0
27,52,3,0
27,52,3,0
27,52,3,0
27,52,3,0
27,52,3,0
27,52,3,0
27,52,3,0
27,52,3,0
27,52,3,0
27,52,3,0
27,52,3,0
27,52,3,0
27,52,3,0
27,52,3,0
27,52,3,0
27,52,3,0
27,52,3,0
27,52,3,0
27,52,3,0
27,52,3,0
27,52,3,0
27,52,3,0
27,52,3,0
27,52,3,0
27,52,3,0
27,52,3,0
27,52,3,0
27,52,3,0
27,52,3,0
27,52,3,0
27,52,3,0
27,52,3,0
27,52,3,0
27,52,3,0
27,52,3,0
27,52,3,0
27,52,3,0
27,52,3,0
27,52,3,0
27,52,3,0
27,52,3,0
27,52,3,0
27,52,3,0
27,52,3,0
27,52,3,0
27,52,3,0
27,52,3,0
27,52,3,0
27,52,3,0
27,52,3,0
27,52,3,0
27,52,3,0
27,52,3,0
27,52,3,0
27,52,3,0
27,52,3,0
27,52,3,0
27,52,3,0
27,52,3,0
27,52,3,0
27,52,3,0
27,52,3,0
27,52,3,0
27,52,3,0
27,52,3,0
27,52,3,0
27,52,3,0
27,52,3,0
27,52,3,0
27,52,3,0
27,52,3,0
27,52,3,0
27,52,3,0
27,52,3,0
27,52,3,0
27,52,3,0
27,52,3,0
27,52,3,0
27,52,3,0
27,52,3,0
27,52,3,0
27,52,3,0
27,52,3,0
27,52,3,0
27,52,3,0
27,52,3,0
27,52,3,0
27,52,3,0
27,52,3,0
27,52,3,0
27,52,3,0
27,52,3,0
27,52,3,0
27,52,3,0
27,52,3,0
27,52,3,0
27,52,3,0
27,52,3,0
27,52,3,0
27,52,3,0
27,52,3,0
27,52,3,0
27,52,3,0
27,52,3,0
27,52,3,0
27,52,3,0
27,52,3,0
27,52,3,0
27,52,3,0
27,52,3,0
27,52,3,0
27,52,3,0
27,52,3,0
27,52,3,0
27,52,3,0
27,52,3,0
27,52,3,0
27,52,3,0
27,52,3,0
27,52,3,0
27,52,3,0
27,52,3,0
27,52,3,0
27,52,3,0
27,52,3,0
27,52,3,0
27,52,3,0
27,52,3,0
27,52,3,0
27,52,3,0
27,52,3,0
27,52,3,0
27,52,3,0
27,52,3,0
27,52,3,0
27,52,3,0
27,52,3,0
27,52,3,0
27,52,3,0
27,52,3,0
27,52,3,0
27,52,3,0
27,52,3,0
27,52,3,0
27,52,3,0
27,52,3,0
27,52,3,0
27,52,3,0
27,52,3,0
27,52,3,0
27,52,3,0
27,52,3,0
27,52,3,0
27,52,3,0
27,52,3,0
27,52,3,0
27,52,3,0
27,52,3,0
27,52,3,0
27,52,3,0
27,52,3,0
27,52,3,0
27,52,3,0
27,52,3,0
27,52,3,0
27,52,3,0
27,52,3,0
27,52,3,0
27,52,3,0
27,52,3,0
27,52,3,0
27,52,3,0
27,52,3,0
27,52,3,0
27,52,3,0
27,52,3,0
27,52,3,0
27,52,3,0
27,52,3,0
27,52,3,0
27,52,3,0
27,52,3,0
27,52,3,0
27,52,3,0
27,52,3,0
27,52,3,0
27,52,3,0
27,52,3,0
27,52,3,0
27,52,3,0
27,52,3,0
27,52,3,0
27,52,3,0
27,52,3,0
27,52,3,0
27,52,3,0
27,52,3,0
27,52,3,0
27,52,3,0
27,52,3,0
27,52,3,0
27,52,3,0
27,52,3,0
27,52,3,0
27,52,3,0
27,52,3,0
27,52,3,0
27,52,3,0
27,52,3,0
27,52,3,0
27,52,3,0
27,52,3,0
27,52,3,0
27,52,3,0
27,52,3,0
27,52,3,0
27,52,3,0
27,52,3,0
27,52,3,0
27,52,3,0
27,52,3,0
27,52,3,0
27,52,3,0
27,52,3,0
27,52,3,0
27,52,3,0
27,52,3,0
27,52,3,0
27,52,3,0
27,52,3,0
27,52,3,0
27,52,3,0
27,52,3,0
27,52,3,0
27,52,3,0
27,52,3,0
27,52,3,0
27,52,3,0
27,52,3,0
27,52,3,0
27,52,3,0
27,52,3,0
27,52,3,0
27,52,3,0
27,52,3,0
27,52,3,0
27,52,3,0
27,52,3,0
27,52,3,0
27,52,3,0
27,52,3,0
27,52,3,0
27,52,3,0
27,52,3,0
27,52,3,0
27,52,3,0
27,52,3,0
27,52,3,0
27,52,3,0
27,52,3,0
27,52,3,0
27,52,3,0
27,52,3,0
27,52,3,0
27,52,3,0
27,52,3,0
27,52,3,0
27,52,3,0
27,52,3,0
27,52,3,0
27,52,3,0
27,52,3,0
27,52,3,0
27,52,3,0
27,52,3,0
27,52,3,0
27,52,3,0
27,52,3,0
27,52,3,0
27,52,3,0
27,52,3,0
27,52,3,0
27,52,3,0
27,52,3,0
27,52,3,0
27,52,3,0
27,52,3,0
27,52,3,0
27,52,3,0
27,52,3,0
27,52,3,0
27,52,3,0
27,52,3,0
27,52,3,0
27,52,3,0
27,52,3,0
27,52,3,0
27,52,3,0
27,52,3,0
27,52,3,0
27,52,3,0
27,52,3,0
27,52,3,0
27,52,3,0
27,52,3,0
27,52,3,0
27,52,3,0
27,52,3,0
27,52,3,0
27,52,3,0
27,52,3,0
27,52,3,0
27,52,3,0
27,52,3,0
27,52,3,0
27,52,3,0
27,52,3,0
27,52,3,0
27,52,3,0
27,52,3,0
27,52,3,0
27,52,3,0
27,52,3,0
27,52,3,0
27,52,3,0
27,52,3,0
27,52,3,0
27,52,3,0
27,52,3,0
27,52,3,0
27,52,3,0
27,52,3,0
27,52,3,0
27,52,3,0
27,52,3,0
27,52,3,0
27,52,3,0
27,52,3,0
27,52,3,0
27,52,3,0
27,52,3,0
27,52,3,0
27,52,3,0
27,52,3,0
27,52,3,0
27,52,3,0
27,52,3,0
27,52,3,0
27,52,3,0
27,52,3,0
27,52,3,0
27,52,3,0
27,52,3,0
27,52,3,0
27,52,3,0
27,52,3,0
27,52,3,0
27,52,3,0
27,52,3,0
27,52,3,0
27,52,3,0
27,52,3,0
27,52,3,0
27,52,3,0
27,52,3,0
27,52,3,0
27,52,3,0
27,52,3,0
27,52,3,0
27,52,3,0
27,52,3,0
27,52,3,0
27,52,3,0
27,52,3,0
27,52,3,0
27,52,3,0
27,52,3,0
27,52,3,0
27,52,3,0
27,52,3,0
27,52,3,0
27,52,3,0
27,52,3,0
27,52,3,0
27,52,3,0
27,52,3,0
27,52,3,0
27,52,3,0
27,52,3,0
27,52,3,0
27,52,3,0
27,52,3,0
27,52,3,0
27,52,3,0
27,52,3,0
27,52,3,0
27,52,3,0
27,52,3,0
27,52,3,0
27,52,3,0
27,52,3,0
27,52,3,0
27,52,3,0
27,52,3,0
27,52,3,0
27,52,3,0
27,52,3,0
27,52,3,0
27,52,3,0
27,52,3,0
27,52,3,0
27,52,3,0
27,52,3,0
27,52,3,0
27,52,3,0
27,52,3,0
27,52,3,0
27,52,3,0
27,52,3,0
27,52,3,0
27,52,3,0
27,52,3,0
27,52,3,0
27,52,3,0
27,52,3,0
27,52,3,0
27,52,3,0
27,52,3,0
27,52,3,0
27,52,3,0
27,52,3,0
27,52,3,0
27,52,3,0
27,52,3,0
27,52,3,0
27,52,3,0
27,52,3,0
27,52,3,0
27,52,3,0
27,52,3,0
27,52,3,0
27,52,3,0
27,52,3,0
27,52,3,0
27,52,3,0
27,52,3,0
27,52,3,0
27,52,3,0
27,52,3,0
27,52,3,0
27,52,3,0
27,52,3,0
27,52,3,0
27,52,3,0
27,52,3,0
27,52,3,0
27,52,3,0
27,52,3,0
27,52,3,0
27,52,3,0
27,52,3,0
27,52,3,0
27,52,3,0
27,52,3,0
27,52,3,0
27,52,3,0
27,52,3,0
27,52,3,0
27,52,3,0
27,52,3,0
27,52,3,0
27,52,3,0
27,52,3,0
27,52,3,0
27,52,3,0
27,52,3,0
27,52,3,0
27,52,3,0
27,52,3,0
27,52,3,0
27,52,3,0
27,52,3,0
27,52,3,0
27,52,3,0
27,52,3,0
27,52,3,0
27,52,3,0
27,52,3,0
27,52,3,0
27,52,3,0
27,52,3,0
27,52,3,0
27,52,3,0
27,52,3,0
27,52,3,0
27,52,3,0
27,52,3,0
27,52,3,0
27,52,3,0
27,52,3,0
27,52,3,0
27,52,3,0
27,52,3,0
27,52,3,0
27,52,3,0
27,52,3,0
27,52,3,0
27,52,3,0
27,52,3,0
27,52,3,0
27,52,3,0
27,52,3,0
27,52,3,0
27,52,3,0
27,52,3,0
27,52,3,0
27,52,3,0
27,52,3,0
27,52,3,0
27,52,3,0
27,52,3,0
27,52,3,0
27,52,3,0
27,52,3,0
27,52,3,0
27,52,3,0
27,52,3,0
27,52,3,0
27,52,3,0
27,52,3,0
27,52,3,0
27,52,3,0
27,52,3,0
27,52,3,0
27,52,3,0
27,52,3,0
27,52,3,0
27,52,3,0
27,52,3,0
27,52,3,0
27,52,3,0
27,52,3,0
27,52,3,0
27,52,3,0
27,52,3,0
27,52,3,0
27,52,3,0
27,52,3,0
27,52,3,0
27,52,3,0
27,52,3,0
27,52,3,0
27,52,3,0
27,52,3,0
27,52,3,0
27,52,3,0
27,52,3,0
27,52,3,0
27,52,3,0
27,52,3,0
27,52,3,0
27,52,3,0
27,52,3,0
27,52,3,0
27,52,3,0
27,52,3,0
27,52,3,0
27,52,3,0
27,52,3,0
27,52,3,0
27,52,3,0
27,52,3,0
27,52,3,0
27,52,3,0
27,52,3,0
27,52,3,0
27,52,3,0
27,52,3,0
27,52,3,0
27,52,3,0
27,52,3,0
27,52,3,0
27,52,3,0
27,52,3,0
27,52,3,0
27,52,3,0
27,52,3,0
27,52,3,0
27,52,3,0
27,52,3,0
27,52,3,0
27,52,3,0
27,52,3,0
27,52,3,0
27,52,3,0
27,52,3,0
27,52,3,0
27,52,3,0
27,52,3,0
27,52,3,0
27,52,3,0
27,52,3,0
27,52,3,0
27,52,3,0
27,52,3,0
27,52,3,0
27,52,3,0
27,52,3,0
27,52,3,0
27,52,3,0
27,52,3,0
27,52,3,0
27,52,3,0
27,52,3,0
27,52,3,0
27,52,3,0
27,52,3,0
27,52,3,0
27,52,3,0
27,52,3,0
27,52,3,0
27,52,3,0
27,52,3,0
27,52,3,0
27,52,3,0
27,52,3,0
27,52,3,0
27,52,3,0
27,52,3,0
27,52,3,0
27,52,3,0
27,52,3,0
27,52,3,0
27,52,3,0
27,52,3,0
27,52,3,0
27,52,3,0
27,52,3,0
27,52,3,0
27,52,3,0
27,52,3,0
27,52,3,0
27,52,3,0
27,52,3,0
27,52,3,0
27,52,3,0
27,52,3,0
27,52,3,0
27,52,3,0
27,52,9,0
27,52,16,0
27,52,21,0
27,52,25,0
27,52,28,0
27,52,30,0
27,52,32,0
27,52,33,0
27,52,35,0
27,52,36,0
27,52,37,0
27,52,38,0
27,52,38,0
27,52,38,0
27,52,39,0
27,52,39,0
27,52,40,0
27,52,40,0
27,52,41,0
27,52,41,0
27,52,42,0
27,52,42,0
27,52,42,0
27,52,42,0
27,52,43,0
27,52,43,0
27,52,43,0
27,52,43,0
27,52,43,0
27,52,43,0
27,52,44,0
27,52,44,0
27,52,44,0
27,52,45,0
27,52,45,0
27,52,45,0
27,52,46,0
27,52,46,0
27,52,46,0
27,52,46,0
27,52,46,0
27,52,47,0
27,52,47,0
27,52,47,0
27,52,48,0
27,52,48,0
27,52,48,0
27,52,48,0
27,52,48,0
27,52,48,0
27,52,48,0
27,52,48,0
27,52,48,0
27,52,48,0
27,52,48,0
27,52,48,0
27,52,48,0
27,52,48,0
27,52,48,0
27,52,48,0
27,52,48,0
27,52,48,0
27,52,48,0
27,52,48,0
27,52,48,0
27,52,49,0
27,52,49,0
27,52,49,0
27,52,49,0
27,52,49,0
27,52,49,0
27,52,49,0
27,52,49,0
27,52,49,0
27,52,49,0
27,52,49,0
27,52,49,0
27,52,49,0
27,52,49,0
27,52,49,0
27,52,49,0
27,52,49,0
27,52,49,0
27,52,49,0
27,52,49,0
27,52,49,0
27,52,49,0
27,52,49,0
27,52,50,0
27,52,50,0
27,52,50,0
27,52,50,0
27,52,50,0
27,52,50,0
27,52,50,0
27,52,50,0
27,52,50,0
27,52,50,0
27,52,50,0
27,52,50,0
27,52,50,0
27,52,50,0
27,52,50,0
27,52,50,0
27,52,50,0
27,52,50,0
27,52,50,0
27,52,50,0
27,52,50,0
27,52,50,0
27,52,50,0
27,52,50,0
27,52,50,0
27,52,50,0
27,52,50,0
27,52,50,0
27,52,50,0
27,52,50,0
27,52,50,0
27,52,50,0
27,52,50,0
27,52,50,0
27,52,50,0
27,52,50,0
27,52,50,0
27,52,50,0
27,52,50,0
27,52,50,0
27,52,50,0
27,52,50,0
27,52,50,0
27,52,50,0
27,52,50,0
27,52,50,0
27,52,50,0
27,52,50,0
27,52,50,0
27,52,50,0
27,52,50,0
27,52,50,0
27,52,50,0
27,52,50,0
27,52,50,0
27,52,50,0
27,52,50,0
27,52,50,0
27,52,50,0
27,52,50,0
27,52,50,0
27,52,50,0
27,52,50,0
27,52,50,0
27,52,50,0
27,52,50,0
27,52,50,0
27,52,50,0
27,52,50,0
27,52,50,0
27,52,50,0
27,52,50,0
27,52,50,0
27,52,50,0
27,52,50,0
27,52,51,0
27,52,51,0
27,52,51,0
27,52,51,0
27,52,51,0
27,52,52,0
27,52,52,0
27,52,52,0
27,52,52,0
27,52,52,0
27,52,53,0
27,52,53,0
27,52,54,0
27,52,54,0
27,52,55,0
27,52,55,0
27,52,56,0
27,52,56,0
27,52,57,0
27,52,57,0
27,52,58,0
27,52,58,0
27,52,57,0
27,52,57,0
27,52,57,0
27,52,57,0
27,52,57,0
27,52,57,0
27,52,57,0
27,52,57,0
27,52,57,0
27,52,57,0
27,52,57,0
27,52,57,0
27,52,58,0
27,52,58,0
27,52,58,0
27,52,58,0
27,52,58,0
27,52,58,0
27,52,58,0
27,52,58,0
27,52,58,0
27,52,58,0
27,52,58,0
27,52,58,0
27,52,58,0
27,52,59,0
27,52,59,0
27,52,59,0
27,52,59,0
27,52,59,0
27,52,59,0
27,52,59,0
27,52,59,0
27,52,59,0
27,52,59,0
27,52,59,0
27,52,59,0
27,52,59,0
27,52,59,0
27,52,59,0
27,52,59,0
27,52,59,0
27,52,59,0
27,52,59,0
27,52,59,0
27,52,59,0
27,52,59,0
27,52,59,0
27,52,59,0
27,52,59,0
27,52,59,0
27,52,59,0
27,52,59,0
27,52,59,0
27,52,59,0
27,52,59,0
27,52,59,0
27,52,59,0
27,52,59,0
27,52,59,0
27,52,59,0
27,52,59,0
27,52,59,0
27,52,59,0
27,52,59,0
27,52,59,0
27,52,59,0
27,52,59,0
27,52,59,0
27,52,59,0
27,52,59,0
27,52,60,0
27,52,59,0
27,52,59,0
27,52,59,0
27,52,59,0
27,52,59,0
27,52,59,0
27,52,59,0
27,52,59,0
27,52,59,0
27,52,59,0
27,52,59,0
27,52,59,0
27,52,59,0
27,52,59,0
27,52,59,0
27,52,59,0
27,52,59,0
27,52,59,0
27,52,59,0
27,52,59,0
27,52,59,0
27,52,59,0
27,52,59,0
27,52,59,0
27,52,59,0
27,52,59,0
27,52,59,0
27,52,59,0
27,52,59,0
27,52,59,0
27,52,59,0
27,52,59,0
27,52,59,0
27,52,59,0
27,52,59,0
27,52,59,0
27,52,59,0
27,52,59,0
27,52,59,0
27,52,59,0
27,52,58,0
27,52,58,0
27,52,58,0
27,52,58,0
27,52,58,0
27,52,58,0
27,52,58,0
27,52,58,0
27,52,57,0
27,52,57,0
27,52,57,0
27,52,57,0
27,52,57,0
27,52,57,0
27,52,57,0
27,52,57,0
27,52,57,0
27,52,57,0
27,52,57,0
27,52,57,0
27,52,57,0
27,52,57,0
27,52,57,0
27,52,57,0
27,52,58,0
27,52,58,0
27,52,58,0
27,52,58,0
27,52,58,0
27,52,57,0
27,52,57,0
27,52,57,0
27,52,57,0
27,52,57,0
27,52,57,0
27,52,57,0
27,52,57,0
27,52,57,0
27,52,57,0
27,52,57,0
27,52,57,0
27,52,57,0
27,52,57,0
27,52,57,0
27,52,57,0
27,52,57,0
27,52,57,0
27,52,57,0
27,52,57,0
27,52,57,0
27,52,57,0
27,52,57,0
27,52,57,0
27,52,57,0
27,52,57,0
27,52,57,0
27,52,57,0
27,52,57,0
27,52,57,0
27,52,57,0
27,52,57,0
27,52,57,0
27,52,57,0
27,52,57,0
27,52,56,0
27,52,56,0
27,52,56,0
27,52,56,0
27,52,56,0
27,52,56,0
27,52,56,0
27,52,56,0
27,52,56,0
27,52,56,0
27,52,56,0
27,52,56,0
27,52,56,0
27,52,56,0
27,52,56,0
27,52,56,0
27,52,56,0
27,52,56,0
27,52,56,0
27,52,56,0
27,52,56,0
27,52,55,0
27,52,55,0
27,52,55,0
27,52,55,0
27,52,55,0
27,52,55,0
27,52,55,0
27,52,55,0
27,52,55,0
27,52,55,0
27,52,55,0
27,52,55,0
27,52,55,0
27,52,55,0
27,52,55,0
27,52,55,0
27,52,55,0
27,52,55,0
27,52,55,0
27,52,55,0
27,52,55,0
27,52,55,0
27,52,55,0
27,52,55,0
27,52,55,0
27,52,55,0
27,52,55,0
27,52,55,0
27,52,55,0
27,52,55,0
27,52,55,0
27,52,55,0
27,52,55,0
27,52,55,0
27,52,55,0
27,52,55,0
27,52,55,0
27,52,55,0
27,52,55,0
27,52,55,0
27,52,55,0
27,52,55,0
27,52,55,0
27,52,55,0
27,52,55,0
27,52,55,0
27,52,55,0
27,52,55,0
27,52,55,0
27,52,55,0
27,52,55,0
27,52,55,0
27,52,55,0
27,52,55,0
27,52,55,0
27,52,55,0
27,52,55,0
27,52,55,0
27,52,55,0
27,52,55,0
27,52,55,0
27,52,55,0
27,52,55,0
27,52,55,0
27,52,55,0
27,52,55,0
27,52,55,0
27,52,55,0
27,52,55,0
27,52,55,0
27,52,55,0
27,52,55,0
27,52,55,0
27,52,55,0
27,52,55,0
27,52,55,0
27,52,54,0
27,52,54,0
27,52,54,0
27,52,54,0
27,52,54,0
27,52,54,0
27,52,53,0
27,52,53,0
27,52,53,0
27,52,53,0
27,52,53,0
27,52,53,0
27,52,54,0
27,52,54,0
27,52,54,0
27,52,54,0
27,52,54,0
27,52,54,0
27,52,54,0
27,52,54,0
27,52,53,0
27,52,53,0
27,52,53,0
27,52,53,0
27,52,53,0
27,52,53,0
27,52,53,0
27,52,53,0
27,52,53,0
27,52,53,0
27,52,53,0
27,52,53,0
27,52,53,0
27,52,53,0
27,52,53,0
27,52,53,0
27,52,53,0
27,52,53,0
27,52,53,0
27,52,53,0
27,52,53,0
27,52,53,0
27,52,53,0
27,52,53,0
27,52,53,0
27,52,53,0
27,52,53,0
27,52,53,0
27,52,53,0
27,52,53,0
27,52,54,0
27,52,54,0
27,52,54,0
27,52,54,0
27,52,54,0
27,52,54,0
27,52,54,0
27,52,54,0
27,52,54,0
27,52,54,0
27,52,54,0
27,52,54,0
27,52,54,0
27,52,54,0
27,52,54,0
28,52,54,0
28,52,54,0
28,52,54,0
28,52,54,0
28,52,54,0
29,52,54,0
29,52,54,0
29,52,54,0
29,52,54,0
29,52,54,0
30,52,54,0
30,52,54,0
30,52,54,0
30,52,54,0
31,52,54,0
31,52,54,0
31,52,54,0
31,52,54,0
32,52,54,0
32,52,54,0
32,52,54,0
32,52,54,0
32,52,54,0
33,52,54,0
33,52,54,0
33,52,54,0
33,52,54,0
34,52,54,0
34,52,54,0
34,52,54,0
34,52,54,0
35,52,54,0
35,52,54,0
35,52,54,0
35,52,54,0
36,52,54,0
36,52,54,0
36,52,54,0
36,52,54,0
37,52,54,0
37,52,54,0
37,52,54,0
37,52,54,0
37,52,54,0
38,52,54,0
38,52,54,0
38,52,54,0
38,52,54,0
39,52,54,0
39,52,54,0
39,52,54,0
39,52,54,0
39,52,54,0
40,52,54,0
40,52,54,0
40,52,54,0
40,52,54,0
40,52,54,0
41,52,54,0
41,52,54,0
41,52,54,0
41,52,54,0
41,52,55,0
42,52,54,0
42,52,54,0
42,52,55,0
42,52,54,0
42,52,55,0
43,52,55,0
43,52,55,0
43,52,55,0
43,52,55,0
43,52,55,0
44,52,55,0
44,52,55,0
44,52,55,0
44,52,55,0
44,52,55,0
45,52,55,0
45,52,55,0
45,52,55,0
45,52,55,0
45,52,55,0
46,52,55,0
46,52,55,0
46,52,55,0
46,52,55,0
46,52,55,0
46,52,55,0
47,52,55,0
47,52,55,0
47,52,55,0
47,52,55,0
47,52,55,0
48,52,55,0
48,52,55,0
48,52,55,0
48,52,55,0
48,52,55,0
49,52,55,0
49,52,55,0
49,52,55,0
49,52,55,0
49,52,55,0
50,52,55,0
50,52,55,0
50,52,55,0
50,52,55,0
50,52,55,0
50,52,55,0
51,52,55,0
51,52,55,0
51,52,55,0
51,52,55,0
51,52,55,0
51,52,55,0
52,52,55,0
52,52,55,0
52,52,55,0
52,52,55,0
52,52,55,0
52,52,55,0
53,52,55,0
53,52,55,0
53,52,55,0
53,52,55,0
53,52,55,0
53,52,55,0
54,52,55,0
54,52,55,0
54,52,55,0
54,52,55,0
54,52,56,0
54,52,56,0
55,52,56,0
55,52,55,0
55,52,56,0
55,52,56,0
55,52,56,0
55,52,56,0
55,52,56,0
56,52,56,0
56,52,56,0
56,52,56,0
56,52,56,0
56,52,56,0
56,52,56,0
56,52,56,0
57,52,56,0
57,52,56,0
57,52,56,0
57,52,56,0
57,52,56,0
57,52,56,0
58,52,56,0
58,52,56,0
58,52,56,0
58,52,56,0
58,52,56,0
58,52,56,0
58,52,56,0
58,52,56,0
59,52,56,0
59,52,56,0
59,52,56,0
59,52,56,0
59,52,56,0
59,52,56,0
59,52,56,0
60,52,56,0
60,52,56,0
60,52,56,0
60,52,56,0
60,52,56,0
60,52,56,0
60,52,56,0
60,52,56,0
61,52,56,0
61,52,56,0
61,52,56,0
61,52,56,0
61,52,56,0
61,52,56,0
61,52,56,0
61,52,56,0
61,52,56,0
62,52,56,0
62,52,56,0
62,52,56,0
62,52,56,0
62,52,56,0
62,52,56,0
62,52,56,0
62,52,56,0
62,52,56,0
62,52,56,0
63,52,56,0
63,52,56,0
63,52,56,0
63,52,56,0
63,52,56,0
63,52,56,0
63,52,56,0
63,52,56,0
63,52,56,0
63,52,56,0
63,52,56,0
64,52,56,0
64,52,56,0
64,52,56,0
64,52,56,0
64,52,56,0
64,52,56,0
64,52,56,0
64,52,56,0
64,52,56,0
64,52,56,0
64,52,56,0
64,52,56,0
64,52,56,0
64,52,56,0
65,52,56,0
65,52,56,0
65,52,56,0
65,52,56,0
65,52,56,0
65,52,56,0
65,52,56,0
65,52,56,0
65,52,56,0
65,52,56,0
65,52,56,0
65,52,56,0
65,52,56,0
65,52,56,0
65,52,56,0
65,52,56,0
65,52,56,0
66,52,56,0
66,52,56,0
66,52,56,0
66,52,56,0
66,52,56,0
66,52,56,0
66,52,56,0
66,52,56,0
66,52,56,0
66,52,56,0
66,52,56,0
66,52,56,0
66,52,56,0
66,52,56,0
66,52,56,0
66,52,56,0
66,52,56,0
66,52,56,0
66,52,56,0
66,52,56,0
66,52,56,0
67,52,56,0
67,52,55,0
67,52,56,0
67,52,56,0
67,52,56,0
67,52,56,0
67,52,55,0
67,52,56,0
67,52,56,0
67,52,56,0
67,52,56,0
67,52,56,0
67,52,55,0
67,52,55,0
67,52,55,0
67,52,55,0
67,52,55,0
67,52,55,0
67,52,55,0
67,52,55,0
67,52,55,0
67,52,55,0
67,52,55,0
68,52,55,0
68,52,55,0
68,52,55,0
68,52,55,0
68,52,55,0
68,52,55,0
68,52,55,0
67,52,55,0
67,51,55,0
67,51,55,0
67,51,55,0
67,51,55,0
67,51,55,0
67,51,54,0
67,51,54,0
67,51,53,0
67,51,53,0
67,51,51,0
67,51,50,0
67,51,49,0
67,51,47,0
67,51,45,0
67,51,43,0
67,51,40,0
67,51,37,1
67,51,34,1
67,51,30,1
67,51,26,1
67,51,22,1
68,51,19,1
68,51,16,1
68,51,14,1
68,51,12,1
68,51,11,1
68,51,10,1
68,51,9,1
68,51,7,1
68,51,6,1
68,51,5,1
68,51,5,1
68,51,4,1
68,51,4,1
68,51,4,1
68,51,4,1
68,51,4,1
68,51,4,1
68,51,4,1
68,51,4,1
68,51,4,1
68,51,4,1
68,51,4,1
68,51,4,1
68,51,4,1
68,51,4,1
68,51,4,1
68,51,4,1
68,51,4,1
68,51,4,1
68,51,4,1
68,51,4,1
68,51,4,1
68,51,4,1
68,51,4,1
68,51,4,1
68,51,4,1
68,51,4,1
68,51,4,1
68,51,4,1
68,51,4,1
68,51,4,1
68,51,4,1
68,51,4,1
68,51,4,1
68,51,4,1
68,51,4,1
68,51,4,1
68,51,4,1
68,51,4,1
69,51,4,1
69,51,4,1
69,51,4,1
69,51,4,1
69,51,4,1
69,51,4,1
69,51,4,1
69,51,4,1
69,51,4,1
69,51,4,1
69,51,4,1
69,51,4,1
69,51,4,1
69,51,4,1
69,51,4,1
69,51,4,1
69,51,4,1
69,51,4,1
69,51,4,1
69,51,4,1
69,51,4,1
69,51,4,1
69,51,4,1
69,51,4,1
69,51,4,1
69,51,4,1
69,51,4,1
69,51,4,1
69,51,4,1
69,51,4,1
69,51,4,1
69,51,4,1
69,51,4,1
69,51,4,1
69,51,4,1
69,51,4,1
69,51,4,1
69,51,4,1
69,51,4,1
69,51,4,1
69,51,4,1
69,51,4,1
69,51,4,1
69,51,4,1
69,51,4,1
69,51,4,1
69,51,4,1
69,51,4,1
69,51,4,1
69,51,4,1
69,51,4,1
69,51,4,1
69,51,4,1
69,51,4,1
69,51,4,1
69,51,4,1
69,51,4,1
69,51,4,1
69,51,4,1
69,51,4,1
69,51,4,1
69,51,4,1
69,51,4,1
69,51,4,1
69,51,4,1
69,51,4,1
69,51,4,1
69,51,4,1
69,51,4,1
69,51,4,1
69,51,4,1
69,51,4,1
69,51,4,1
69,51,4,1
69,51,4,1
69,51,4,1
69,51,4,1
69,51,4,1
69,51,4,1
69,51,4,1
69,51,4,1
69,51,4,1
69,51,4,1
69,51,4,1
69,51,3,1
69,51,4,1
69,51,4,1
69,51,4,1
69,51,4,1
69,51,4,1
69,51,4,1
69,51,3,1
69,51,4,1
69,51,4,1
70,51,4,1
70,51,4,1
70,51,4,1
70,51,4,1
70,51,3,1
70,51,4,1
70,51,4,1
70,51,4,1
70,51,4,1
70,51,4,1
70,51,4,1
70,51,3,1
70,51,4,1
70,51,4,1
70,51,4,1
70,51,4,1
70,51,4,1
70,51,4,1
70,51,3,1
70,51,4,1
70,51,4,1
70,51,4,1
70,51,4,1
70,51,4,1
70,51,4,1
70,51,3,1
70,51,4,1
70,51,4,1
70,51,4,1
70,51,4,1
70,51,4,1
70,51,4,1
70,51,3,1
70,51,4,1
70,51,4,1
70,51,4,1
70,51,4,1
70,51,4,1
70,51,4,1
70,51,4,1
70,51,4,1
70,51,4,1
70,51,4,1
70,51,4,1
70,51,4,1
70,51,4,1
70,51,4,1
70,51,4,1
70,51,4,1
70,51,4,1
70,51,4,1
70,51,4,1
70,51,4,1
70,51,4,1
70,51,4,1
70,51,4,1
70,51,4,1
70,51,4,1
70,51,4,1
70,51,4,1
70,51,4,1
70,51,4,1
70,51,4,1
70,51,4,1
70,51,4,1
70,51,4,1
70,51,4,1
70,51,4,1
70,51,4,1
70,51,4,1
70,51,4,1
70,51,4,1
70,51,4,1
70,51,4,1
70,51,4,1
70,51,4,1
70,51,4,1
70,51,4,1
70,51,4,1
70,51,4,1
70,51,4,1
70,51,4,1
70,51,4,1
70,51,4,1
70,51,4,1
70,51,4,1
70,51,4,1
70,51,4,1
70,51,4,1
70,51,4,1
70,51,4,1
70,51,4,1
70,51,4,1
70,51,4,1
70,51,4,1
70,51,4,1
70,51,4,1
70,51,4,1
70,51,4,1
70,51,4,1
70,51,4,1
70,51,4,1
70,51,4,1
70,51,4,1
70,51,4,1
70,51,4,1
70,51,4,1
70,51,4,1
70,51,4,1
70,51,4,1
70,51,4,1
70,51,4,1
70,51,4,1
70,51,4,1
70,51,4,1
70,51,4,1
70,51,4,1
70,51,4,1
70,51,4,1
70,51,4,1
70,51,4,1
70,51,4,1
70,51,4,1
70,51,4,1
70,51,4,1
70,51,4,1
70,51,4,1
70,51,4,1
70,51,4,1
70,51,4,1
70,51,4,1
70,51,4,1
70,51,4,1
70,51,4,1
70,51,4,1
70,51,4,1
70,51,4,1
70,51,4,1
70,51,4,1
70,51,4,1
70,51,4,1
70,51,4,1
70,51,4,1
70,51,4,1
70,51,4,1
70,51,4,1
70,51,4,1
70,51,4,1
70,51,4,1
70,51,4,1
70,51,4,1
70,51,4,1
70,51,4,1
70,51,4,1
70,51,4,1
70,51,4,1
70,51,4,1
70,51,4,1
70,51,4,1
69,51,4,1
70,51,4,1
69,51,4,1
69,51,4,1
70,51,4,1
70,51,4,1
69,51,4,1
69,51,4,1
70,51,4,1
70,51,4,1
69,51,4,1
69,51,4,1
70,51,4,1
69,51,4,1
69,51,4,1
69,51,4,1
70,51,4,1
69,51,4,1
69,51,4,1
69,51,4,1
69,51,4,1
69,51,4,1
69,51,4,1
69,51,4,1
69,51,4,1
69,51,4,1
69,51,4,1
69,51,4,1
69,51,4,1
69,51,4,1
69,51,4,1
70,51,4,1
69,51,4,1
69,51,4,1
69,51,4,1
70,51,4,1
69,51,4,1
69,51,4,1
69,51,4,1
69,51,4,1
69,51,4,1
69,51,4,1
69,51,4,1
69,51,4,1
69,51,4,1
69,51,4,1
69,51,4,1
69,51,4,1
69,51,4,1
69,51,4,1
69,51,4,1
69,51,4,1
69,51,4,1
69,51,4,1
69,51,4,1
69,51,4,1
69,51,4,1
69,51,4,1
69,51,4,1
69,51,4,1
69,51,4,1
69,51,4,1
69,51,4,1
69,51,4,1
69,51,4,1
69,51,4,1
69,51,4,1
69,51,3,1
69,51,4,1
69,51,4,1
69,51,4,1
69,51,4,1
69,51,4,1
69,51,4,1
69,51,4,1
69,51,4,1
69,51,4,1
69,51,4,1
69,51,4,1
69,51,4,1
69,51,4,1
69,51,4,1
69,51,4,1
69,51,4,1
69,51,4,1
69,51,4,1
69,51,4,1
69,51,4,1
69,51,4,1
69,51,4,1
69,51,4,1
69,51,4,1
69,51,4,1
69,51,4,1
69,51,4,1
69,51,4,1
69,51,4,1
69,51,4,1
69,51,4,1
69,51,4,1
69,51,4,1
69,51,4,1
69,51,4,1
69,51,4,1
69,51,4,1
69,51,4,1
69,51,4,1
69,51,4,1
69,51,4,1
69,51,4,1
69,51,4,1
69,51,4,1
69,51,4,1
69,51,4,1
69,51,4,1
69,51,4,1
69,51,4,1
69,51,4,1
69,51,4,1
69,51,4,1
69,51,4,1
69,51,4,1
69,51,4,1
69,51,4,1
69,51,4,1
69,51,4,1
69,51,4,1
69,51,4,1
69,51,4,1
69,51,4,1
69,51,4,1
69,51,4,1
69,51,4,1
69,51,4,1
69,51,4,1
69,51,4,1
69,51,4,1
69,51,4,1
69,51,4,1
69,51,4,1
69,51,4,1
69,51,4,1
69,51,4,1
69,51,4,1
69,51,4,1
69,51,4,1
69,51,4,1
69,51,4,1
69,51,4,1
69,51,4,1
69,51,4,1
69,51,4,1
69,51,4,1
69,51,4,1
69,51,4,1
69,51,4,1
69,51,4,1
69,51,4,1
69,51,4,1
69,51,4,1
69,51,4,1
69,51,4,1
69,51,4,1
69,51,4,1
69,51,4,1
69,51,4,1
69,51,4,1
69,51,4,1
69,51,4,1
69,51,4,1
69,51,4,1
69,51,4,1
69,51,4,1
69,51,4,1
69,51,4,1
69,51,4,1
69,51,4,1
69,51,4,1
69,51,4,1
69,51,4,1
69,51,4,1
69,51,4,1
69,51,4,1
69,51,4,1
69,51,4,1
69,51,4,1
69,51,4,1
69,51,4,1
69,51,4,1
69,51,4,1
69,51,4,1
69,51,4,1
69,51,4,1
69,51,4,1
69,51,4,1
69,51,4,1
69,51,4,1
69,51,4,1
69,51,4,1
69,51,4,1
69,51,4,1
69,51,4,1
69,51,4,1
69,51,4,1
69,51,4,1
69,51,4,1
69,51,4,1
69,51,4,1
69,51,4,1
69,51,4,1
69,51,4,1
69,51,4,1
69,51,4,1
69,51,4,1
69,51,4,1
69,51,4,1
69,51,4,1
69,51,4,1
69,51,4,1
69,51,4,1
69,51,4,1
69,51,4,1
69,51,4,1
69,51,4,1
69,51,4,1
69,51,4,1
69,51,4,1
69,51,4,1
69,51,4,1
69,51,4,1
69,51,4,1
69,51,4,1
69,51,4,1
69,51,4,1
69,51,4,1
69,51,4,1
69,51,4,1
69,51,4,1
69,51,4,1
69,51,4,1
69,51,4,1
69,51,4,1
69,51,4,1
69,51,4,1
69,51,4,1
69,51,4,1
69,51,4,1
69,51,4,1
69,51,4,1
69,51,4,1
69,51,4,1
69,51,4,1
69,51,4,1
69,51,4,1
69,51,4,1
69,51,4,1
69,51,4,1
69,51,4,1
69,51,4,1
69,51,4,1
69,51,4,1
69,51,4,1
69,51,4,1
69,51,4,1
69,51,4,1
69,51,4,1
69,51,4,1
69,51,4,1
69,51,4,1
69,51,4,1
69,51,4,1
69,51,4,1
69,51,4,1
69,51,4,1
69,51,4,1
69,51,4,1
69,51,4,1
69,51,4,1
69,51,4,1
69,51,4,1
69,51,4,1
69,51,4,1
69,51,4,1
69,51,4,1
69,51,4,1
69,51,4,1
69,51,4,1
69,51,4,1
69,51,4,1
69,51,4,1
69,51,4,1
69,51,4,1
69,51,4,1
69,51,4,1
69,51,4,1
69,51,4,1
69,51,4,1
69,51,4,1
69,51,4,1
69,51,4,1
69,51,4,1
69,51,4,1
69,51,4,1
69,51,4,1
69,51,4,1
69,51,4,1
69,51,4,1
69,51,4,1
69,51,4,1
69,51,4,1
69,51,4,1
69,51,4,1
69,51,4,1
69,51,4,1
69,51,4,1
69,51,4,1
69,51,4,1
69,51,4,1
69,51,4,1
69,51,4,1
69,51,4,1
69,51,5,1
69,51,6,1
69,51,17,1
69,51,24,1
69,51,31,1
69,51,35,1
69,51,39,1
69,51,43,0
69,51,44,0
69,51,45,0
69,51,46,0
69,51,46,0
69,51,47,0
69,51,47,0
69,51,47,0
69,51,47,0
69,51,47,0
69,51,47,0
69,51,47,0
69,51,47,0
69,51,47,0
69,51,47,0
69,51,48,0
69,51,48,0
69,51,48,0
69,51,48,0
69,51,48,0
69,51,48,0
69,51,49,0
69,51,49,0
69,51,49,0
69,51,49,0
69,51,49,0
69,51,50,0
69,51,50,0
69,51,50,0
69,51,50,0
69,51,50,0
69,51,50,0
69,51,51,0
69,51,51,0
69,51,51,0
69,51,51,0
69,51,51,0
69,51,51,0
69,51,51,0
69,51,51,0
69,51,51,0
69,51,51,0
69,51,51,0
69,51,51,0
69,51,51,0
69,51,51,0
69,51,51,0
69,51,51,0
69,51,51,0
69,51,51,0
69,51,51,0
69,51,51,0
69,51,51,0
69,51,51,0
69,51,51,0
69,51,51,0
69,51,50,0
69,51,50,0
69,51,50,0
69,51,49,0
69,51,48,0
69,51,47,0
69,51,45,0
69,51,42,0
69,51,37,1
69,51,31,1
69,51,21,1
69,51,10,1
69,51,5,1
69,51,4,1
69,51,4,1
69,51,4,1
69,51,4,1
69,51,4,1
69,51,4,1
69,51,4,1
69,51,4,1
69,51,4,1
69,51,4,1
69,51,4,1
69,51,4,1
69,51,4,1
69,51,4,1
69,51,4,1
69,51,4,1
69,51,4,1
69,51,4,1
69,51,4,1
69,51,4,1
69,51,4,1
69,51,4,1
69,51,4,1
69,51,4,1
69,51,4,1
69,51,4,1
69,51,4,1
69,51,4,1
69,51,4,1
69,51,4,1
69,51,4,1
69,51,4,1
69,51,4,1
69,51,4,1
69,51,4,1
69,51,4,1
69,51,4,1
69,51,4,1
69,51,4,1
69,51,4,1
69,51,4,1
69,51,4,1
69,51,4,1
69,51,4,1
69,51,4,1
69,51,4,1
69,51,4,1
69,51,4,1
69,51,4,1
69,51,4,1
69,51,4,1
69,51,4,1
69,51,4,1
69,51,4,1
69,51,4,1
69,51,4,1
69,51,4,1
69,51,4,1
69,51,4,1
69,51,4,1
69,51,4,1
69,51,4,1
69,51,6,1
69,51,9,1
69,51,15,1
69,51,19,1
69,51,21,1
69,51,23,1
69,51,25,1
69,51,26,1
69,51,27,1
69,51,28,1
69,51,28,1
69,51,29,1
69,51,29,1
69,51,28,1
69,51,28,1
69,51,29,1
69,51,29,1
69,51,30,1
69,51,31,1
69,51,32,1
69,51,33,1
69,51,34,1
69,51,34,1
69,51,34,1
69,51,34,1
69,51,34,1
69,51,34,1
69,51,34,1
69,51,34,1
69,51,35,1
69,51,35,1
69,51,35,1
69,51,35,1
69,51,35,1
69,51,36,1
69,51,36,1
69,51,36,1
69,51,36,1
69,51,37,1
69,51,37,1
69,51,37,1
69,51,37,1
69,51,37,1
69,51,37,1
69,51,37,1
69,51,37,1
69,51,37,1
69,51,37,1
69,51,37,1
69,51,37,1
69,51,38,1
69,51,38,1
68,51,38,1
69,51,38,1
69,51,38,1
69,51,38,1
69,51,38,1
69,51,37,1
68,51,37,1
68,51,37,1
69,51,37,1
68,51,37,1
68,51,37,1
68,51,37,1
68,51,36,1
69,51,36,1
68,51,35,1
68,51,34,1
68,51,32,1
68,51,31,1
68,51,28,1
68,51,25,1
68,51,22,1
68,51,18,1
68,51,13,1
68,51,9,1
68,51,6,1
68,51,4,1
68,51,4,1
68,51,4,1
68,51,4,1
68,51,4,1
68,51,4,1
68,51,4,1
68,51,4,1
68,51,4,1
68,51,4,1
68,51,4,1
68,51,4,1
68,51,4,1
68,51,4,1
68,51,4,1
68,51,4,1
68,51,4,1
68,51,4,1
68,51,4,1
68,51,4,1
68,51,4,1
68,51,4,1
68,51,4,1
68,51,4,1
68,51,4,1
68,51,4,1
68,51,4,1
68,51,4,1
68,51,4,1
68,51,4,1
68,51,4,1
68,51,4,1
68,51,4,1
68,51,4,1
68,51,4,1
68,51,4,1
68,51,4,1
68,51,4,1
68,51,4,1
68,51,4,1
68,51,4,1
68,51,4,1
68,51,4,1
68,51,4,1
68,51,4,1
68,51,4,1
68,51,4,1
68,51,4,1
68,51,4,1
68,51,4,1
68,51,4,1
68,51,4,1
68,51,4,1
68,51,4,1
68,51,4,1
68,51,4,1
68,51,4,1
68,51,4,1
68,51,4,1
68,51,4,1
68,51,4,1
68,51,4,1
68,51,4,1
68,51,4,1
68,51,4,1
68,51,4,1
68,51,4,1
68,51,4,1
68,51,4,1
68,51,4,1
68,51,4,1
68,51,4,1
68,51,4,1
68,51,4,1
68,51,4,1
68,51,4,1
68,51,4,1
68,51,4,1
68,51,4,1
68,51,4,1
68,51,4,1
68,51,4,1
68,51,4,1
68,51,4,1
68,51,4,1
68,51,4,1
68,51,4,1
68,51,4,1
68,51,4,1
68,51,4,1
68,51,5,1
68,51,6,1
68,51,11,1
68,51,17,1
68,51,21,1
68,51,24,1
68,51,28,1
68,51,31,1
68,51,33,1
68,51,34,1
68,51,35,1
68,51,36,1
68,51,36,1
68,51,35,1
68,51,35,1
68,51,35,1
68,51,35,1
68,51,34,1
68,51,34,1
68,51,34,1
68,51,33,1
68,51,33,1
68,51,33,1
68,51,33,1
68,51,32,1
68,51,32,1
68,51,32,1
68,51,32,1
68,51,32,1
68,51,32,1
68,51,32,1
68,51,32,1
68,51,31,1
68,51,31,1
68,51,31,1
68,51,30,1
68,51,29,1
68,51,28,1
68,51,27,1
68,51,25,1
68,51,23,1
68,51,21,1
68,51,19,1
68,51,16,1
68,51,13,1
68,51,10,1
68,51,8,1
68,51,5,1
68,51,4,1
68,51,4,1
68,51,4,1
68,51,4,1
68,51,4,1
68,51,4,1
68,51,4,1
68,51,4,1
68,51,4,1
68,51,4,1
68,51,4,1
68,51,4,1
68,51,4,1
68,51,4,1
68,51,4,1
68,51,4,1
68,51,4,1
68,51,4,1
68,51,4,1
68,51,4,1
68,51,4,1
68,51,4,1
68,51,4,1
68,51,4,1
68,51,4,1
68,51,4,1
68,51,4,1
68,51,4,1
68,51,4,1
68,51,4,1
68,51,4,1
68,51,4,1
68,51,4,1
68,51,4,1
68,51,4,1
68,51,4,1
68,51,4,1
68,51,4,1
68,51,4,1
68,51,4,1
68,51,4,1
68,51,4,1
68,51,4,1
68,51,4,1
68,51,4,1
68,51,4,1
68,51,4,1
68,51,4,1
68,51,4,1
68,51,4,1
68,51,4,1
68,51,4,1
68,51,4,1
68,51,4,1
68,51,4,1
68,51,4,1
68,51,4,1
68,51,4,1
68,51,4,1
68,51,4,1
68,51,4,1
68,51,4,1
68,51,4,1
68,51,4,1
68,51,4,1
68,51,4,1
68,51,4,1
68,51,4,1
68,51,4,1
68,51,4,1
68,51,4,1
68,51,4,1
68,51,4,1
68,51,4,1
68,51,4,1
68,51,4,1
68,51,4,1
68,51,4,1
68,51,4,1
68,51,4,1
68,51,4,1
68,51,4,1
68,51,4,1
68,51,4,1
68,51,4,1
68,51,4,1
68,51,4,1
68,51,4,1
68,51,4,1
68,51,4,1
68,51,4,1
68,51,4,1
68,51,4,1
68,51,4,1
68,51,4,1
68,51,4,1
68,51,4,1
68,51,4,1
68,51,4,1
68,51,4,1
68,51,4,1
68,51,4,1
68,51,4,1
68,51,4,1
68,51,4,1
68,51,4,1
68,51,4,1
68,51,4,1
68,51,4,1
68,51,4,1
68,51,4,1
68,51,4,1
68,51,4,1
68,51,4,1
68,51,4,1
68,51,4,1
68,51,4,1
68,51,4,1
68,51,4,1
68,51,4,1
68,51,4,1
68,51,4,1
68,51,4,1
68,51,4,1
68,51,4,1
68,51,4,1
68,51,4,1
68,51,4,1
68,51,4,1
68,51,4,1
68,51,4,1
68,51,4,1
67,51,4,1
67,51,4,1
67,51,4,1
67,51,4,1
67,51,4,1
67,51,4,1
67,51,4,1
67,51,4,1
67,51,4,1
67,51,4,1
67,51,4,1
67,51,4,1
67,51,4,1
67,51,4,1
67,51,4,1
67,51,4,1
67,51,4,1
67,51,4,1
67,51,4,1
67,51,4,1
67,51,4,1
67,51,4,1
67,51,4,1
67,51,4,1
67,51,4,1
67,51,4,1
67,51,4,1
67,51,4,1
67,51,4,1
67,51,4,1
67,51,4,1
67,51,4,1
67,51,4,1
67,51,4,1
67,51,4,1
67,51,4,1
67,51,4,1
67,51,4,1
67,51,4,1
67,51,4,1
67,51,4,1
67,51,4,1
67,51,4,1
67,51,4,1
67,51,4,1
67,51,4,1
68,51,4,1
68,52,3,1
68,52,3,1
68,52,3,1
68,52,3,1
68,52,3,1
68,52,3,1
68,52,3,1
68,52,3,1
68,52,3,1
68,52,3,1
68,52,3,1
68,52,3,1
68,52,3,1
68,52,3,1
68,52,3,1
68,52,3,1
68,52,3,1
68,52,3,1
68,52,3,1
68,52,3,1
68,52,3,1
68,52,3,1
68,52,3,1
68,52,3,1
68,52,3,1
68,52,3,1
68,52,3,1
68,52,3,1
68,52,3,1
68,52,3,1
68,52,3,1
68,52,3,1
68,52,3,1
68,52,3,1
68,52,3,1
68,52,3,1
67,52,3,1
67,52,3,1
67,52,3,1
67,52,3,1
67,52,3,1
67,52,3,1
67,52,3,1
68,52,3,1
67,52,3,1
67,52,3,1
67,52,3,1
67,52,3,1
67,52,3,1
67,52,3,1
67,52,3,1
67,52,3,1
67,52,3,1
67,52,3,1
67,52,3,1
67,52,3,1
67,52,3,1
67,52,3,1
67,52,3,1
67,52,3,1
67,52,3,1
67,52,3,1
67,52,3,1
67,52,3,1
67,52,3,1
67,52,3,1
67,52,3,1
67,52,3,1
67,52,3,1
67,52,3,1
67,52,3,1
67,52,3,1
67,52,3,1
67,52,3,1
67,52,3,1
67,52,3,1
67,52,3,1
67,52,3,1
67,52,3,1
67,52,3,1
67,52,3,1
67,52,3,1
67,52,3,1
67,52,3,1
67,52,3,1
67,52,3,1
67,52,3,1
67,52,3,1
67,52,3,1
67,52,3,1
67,52,3,1
67,52,3,1
67,52,3,1
67,52,3,1
67,52,3,1
67,52,3,1
67,52,3,1
67,52,3,1
67,52,3,1
67,52,3,1
67,52,3,1
67,52,3,1
67,52,3,1
67,52,3,1
67,52,3,1
67,52,3,1
67,52,3,1
67,52,3,1
67,52,3,1
67,52,3,1
67,52,3,1
67,52,3,1
67,52,3,1
67,52,3,1
67,52,3,1
67,52,3,1
67,52,3,1
67,52,3,1
67,52,3,1
66,52,3,1
66,52,3,1
66,52,3,1
66,52,3,1
66,52,3,1
66,52,3,1
66,52,3,1
66,52,3,1
66,52,3,1
66,52,3,1
66,52,3,1
66,52,3,1
66,52,3,1
66,52,3,1
66,52,3,1
66,52,3,1
66,52,3,1
66,52,3,1
66,52,3,1
66,52,3,1
66,52,3,1
66,52,3,1
66,52,3,1
66,52,3,1
66,52,3,1
66,52,3,1
66,52,3,1
66,52,3,1
66,52,3,1
66,52,3,1
66,52,3,1
66,52,3,1
66,52,3,1
66,52,3,1
66,52,3,1
66,52,3,1
66,52,3,1
66,52,3,1
66,52,3,1
66,52,3,1
66,52,3,1
66,52,3,1
66,52,3,1
66,52,3,1
66,52,3,1
66,52,3,1
66,52,3,1
66,52,3,1
66,52,3,1
66,52,3,1
66,52,3,1
66,52,3,1
66,52,3,1
66,52,3,1
66,52,3,1
66,52,3,1
66,52,3,1
66,52,3,1
65,52,3,1
65,52,3,1
65,52,3,1
65,52,3,1
65,52,3,1
65,52,3,1
65,52,3,1
65,52,3,1
65,52,3,1
65,52,3,1
65,52,3,1
65,52,3,1
65,52,3,1
65,52,3,1
65,52,3,1
65,52,3,1
65,52,3,1
65,52,3,1
65,52,3,1
65,52,3,1
65,52,3,1
65,52,3,1
65,52,3,1
65,52,3,1
65,52,3,1
65,52,3,1
65,52,3,1
65,52,3,1
65,52,3,1
65,52,3,1
65,52,3,1
65,52,3,1
65,52,3,1
65,52,3,1
65,52,3,1
65,52,3,1
65,52,3,1
65,52,3,1
65,52,3,1
65,52,3,1
65,52,3,1
65,52,3,1
65,52,3,1
65,52,3,1
65,52,3,1
65,52,3,1
65,52,3,1
65,52,3,1
65,52,3,1
65,52,3,1
65,52,3,1
65,52,3,1
65,52,3,1
65,52,3,1
65,52,3,1
65,52,3,1
65,52,3,1
65,52,3,1
65,52,3,1
64,52,3,1
64,52,3,1
64,52,3,1
64,52,3,1
64,52,3,1
64,52,3,1
64,52,3,1
64,52,3,1
64,52,3,1
64,52,3,1
64,52,3,1
64,52,3,1
64,52,3,1
64,52,3,1
64,52,3,1
64,52,3,1
64,52,3,1
64,52,3,1
64,52,3,1
64,52,3,1
64,52,3,1
64,52,3,1
64,52,3,1
64,52,3,1
64,52,3,1
64,52,3,1
64,52,3,1
64,52,3,1
64,52,4,1
64,52,4,1
64,52,4,1
64,52,4,1
64,52,4,1
64,52,4,1
64,52,4,1
64,52,4,1
64,52,4,1
64,52,4,1
64,52,4,1
64,52,4,1
64,52,4,1
64,52,4,1
64,52,5,1
64,52,14,1
64,52,19,1
64,52,26,1
64,52,31,1
64,52,35,1
64,52,40,0
64,52,42,0
64,52,44,0
64,52,45,0
64,52,47,0
64,52,48,0
64,52,49,0
64,52,50,0
64,52,51,0
64,52,51,0
64,52,51,0
64,52,51,0
64,52,50,0
64,52,50,0
64,52,50,0
64,52,50,0
64,52,50,0
64,52,50,0
64,52,50,0
64,52,50,0
64,52,49,0
64,52,50,0
64,52,50,0
64,52,50,0
64,52,50,0
64,52,49,0
64,52,50,0
64,52,49,0
64,52,47,0
64,52,47,0
64,52,45,0
64,52,43,0
64,52,41,0
64,52,37,1
64,52,34,1
64,52,32,1
64,52,29,1
64,52,29,1
64,52,28,1
64,52,27,1
64,52,26,1
64,52,24,1
64,52,22,1
64,52,19,1
64,52,16,1
64,52,13,1
64,52,12,1
64,52,10,1
64,52,8,1
64,52,6,1
64,52,4,1
64,52,4,1
64,52,4,1
64,52,4,1
64,52,4,1
64,52,3,1
64,52,3,1
64,52,3,1
64,52,3,1
64,52,3,1
64,52,3,1
64,52,3,1
64,52,3,1
64,52,3,1
64,52,3,1
64,52,3,1
64,52,3,1
64,52,3,1
64,52,3,1
64,52,3,1
64,52,3,1
64,52,3,1
64,52,3,1
64,52,3,1
64,52,3,1
64,52,3,1
64,52,3,1
64,52,3,1
64,52,3,1
64,52,3,1
64,52,3,1
64,52,3,1
64,52,3,1
64,52,3,1
64,52,3,1
64,52,3,1
64,52,3,1
64,52,3,1
64,52,3,1
64,52,3,1
64,52,3,1
63,52,3,1
63,52,3,1
63,52,3,1
63,52,3,1
63,52,3,1
63,52,3,1
63,52,3,1
63,52,3,1
63,52,3,1
63,52,3,1
63,52,3,1
63,52,3,1
63,52,3,1
63,52,3,1
63,52,3,1
63,52,3,1
63,52,3,1
63,52,3,1
63,52,3,1
63,52,3,1
63,52,3,1
63,52,3,1
63,52,3,1
63,52,3,1
63,52,3,1
63,52,3,1
63,52,3,1
63,52,3,1
63,52,3,1
63,52,3,1
63,52,3,1
63,52,3,1
63,52,3,1
63,52,3,1
63,52,3,1
63,52,3,1
63,52,3,1
63,52,3,1
63,52,3,1
63,52,3,1
63,52,3,1
63,52,3,1
63,52,3,1
63,52,3,1
63,52,3,1
63,52,3,1
63,52,3,1
63,52,3,1
63,52,3,1
63,52,3,1
63,52,5,1
63,52,7,1
63,52,17,1
63,52,27,1
63,52,34,1
63,52,42,0
63,52,48,0
63,52,51,0
63,52,55,0
63,52,57,0
63,52,59,0
63,52,60,0
63,52,61,0
63,52,61,0
63,52,62,0
63,52,62,0
63,52,62,0
63,52,62,0
63,52,62,0
63,52,62,0
63,52,62,0
63,52,62,0
63,52,62,0
63,52,62,0
62,52,62,0
62,52,62,0
62,52,63,0
62,52,63,0
62,52,63,0
62,52,64,0
62,52,64,0
62,52,65,0
62,52,65,0
62,52,65,0
62,52,65,0
62,52,65,0
62,52,65,0
62,52,65,0
62,52,65,0
62,52,65,0
62,52,66,0
62,52,66,0
62,52,66,0
62,52,66,0
62,52,66,0
62,52,66,0
62,52,66,0
62,52,66,0
62,52,66,0
62,52,66,0
62,52,66,0
62,52,66,0
62,52,66,0
62,52,66,0
62,52,65,0
62,52,65,0
62,52,64,0
62,52,63,0
62,52,62,0
62,52,61,0
62,52,59,0
62,52,57,0
62,52,54,0
62,52,51,0
62,52,47,0
62,52,43,0
62,52,38,1
62,52,32,1
62,52,24,1
62,52,16,1
62,52,9,1
62,52,6,1
62,52,4,1
62,52,3,1
62,52,3,1
61,52,3,1
61,52,3,1
61,52,3,1
61,52,3,1
61,52,3,1
61,52,3,1
61,52,3,1
61,52,3,1
61,52,3,1
61,52,3,1
61,52,3,1
61,52,3,1
61,52,3,1
61,52,3,1
61,52,3,1
61,52,3,1
61,52,3,1
61,52,3,1
61,52,3,1
61,52,3,1
61,52,3,1
61,52,3,1
61,52,3,1
61,52,3,1
61,52,3,1
61,52,3,1
61,52,3,1
61,52,3,1
61,52,3,1
61,52,3,1
61,52,3,1
61,52,3,1
61,52,3,1
61,52,3,1
61,52,3,1
61,52,3,1
61,52,3,1
61,52,3,1
61,52,6,1
61,52,13,1
61,52,25,1
61,52,34,1
61,52,42,0
61,52,46,0
61,52,49,0
61,52,52,0
61,52,55,0
61,52,57,0
61,52,59,0
61,52,60,0
61,52,62,0
61,52,63,0
61,52,63,0
61,52,64,0
61,52,64,0
61,52,64,0
61,52,64,0
61,52,64,0
61,52,64,0
61,52,64,0
61,52,64,0
60,52,64,0
60,52,64,0
60,52,64,0
60,52,64,0
60,52,64,0
60,52,64,0
60,52,64,0
60,52,63,0
60,52,63,0
60,52,62,0
60,52,61,0
60,52,60,0
60,52,59,0
60,52,58,0
60,52,57,0
60,52,56,0
60,52,55,0
60,52,54,0
60,52,52,0
60,52,51,0
60,52,50,0
60,52,49,0
60,52,49,0
60,52,49,0
60,52,49,0
60,52,49,0
60,52,50,0
60,52,51,0
60,52,51,0
60,52,52,0
60,52,54,0
60,52,55,0
60,52,56,0
60,52,58,0
60,52,59,0
60,52,60,0
60,52,62,0
59,52,63,0
59,52,64,0
59,52,65,0
59,52,65,0
59,52,65,0
59,52,65,0
59,52,65,0
59,52,65,0
59,52,65,0
59,52,65,0
59,52,65,0
59,52,66,0
59,52,66,0
59,52,66,0
59,52,66,0
59,52,66,0
59,52,65,0
59,52,65,0
59,52,65,0
59,52,65,0
59,52,65,0
59,52,64,0
59,52,64,0
59,52,63,0
59,52,63,0
59,52,62,0
59,52,62,0
59,52,62,0
59,52,62,0
59,52,62,0
59,52,62,0
59,52,62,0
59,52,62,0
59,52,61,0
59,52,61,0
58,52,61,0
58,52,60,0
58,52,60,0
58,52,60,0
58,52,60,0
58,52,59,0
58,52,59,0
58,52,60,0
58,52,60,0
58,52,60,0
58,52,60,0
58,52,61,0
58,52,62,0
58,52,63,0
58,52,64,0
58,52,65,0
58,52,65,0
58,52,65,0
58,52,65,0
58,52,65,0
58,52,65,0
58,52,65,0
58,52,65,0
58,52,65,0
58,52,65,0
58,52,65,0
58,52,65,0
58,52,65,0
58,52,64,0
58,52,64,0
58,52,64,0
58,52,63,0
58,52,63,0
58,52,63,0
57,52,63,0
57,52,62,0
57,52,62,0
57,52,63,0
57,52,63,0
57,52,63,0
57,52,64,0
57,52,64,0
57,52,64,0
57,52,65,0
57,52,65,0
57,52,65,0
57,52,65,0
57,52,65,0
57,52,65,0
57,52,65,0
57,52,65,0
57,52,65,0
57,52,65,0
57,52,65,0
57,52,65,0
57,52,65,0
57,52,65,0
57,52,65,0
57,52,65,0
57,52,65,0
57,52,64,0
57,52,64,0
57,52,64,0
57,52,63,0
57,52,63,0
57,52,63,0
57,52,63,0
57,52,63,0
57,52,63,0
57,52,63,0
57,52,63,0
57,52,63,0
56,52,63,0
56,52,63,0
56,52,63,0
56,52,63,0
56,52,64,0
56,52,64,0
56,52,64,0
56,52,64,0
56,52,64,0
56,52,64,0
56,52,64,0
56,52,64,0
56,52,64,0
56,52,64,0
56,52,64,0
56,52,64,0
56,52,64,0
56,52,65,0
56,52,64,0
56,52,65,0
56,52,65,0
56,52,65,0
56,52,65,0
56,52,65,0
56,52,65,0
56,52,65,0
56,52,65,0
56,52,65,0
56,52,65,0
56,52,65,0
56,52,65,0
56,52,65,0
56,52,65,0
56,52,65,0
56,52,65,0
56,52,65,0
56,52,65,0
56,52,65,0
56,52,65,0
56,52,65,0
56,52,65,0
56,52,65,0
56,52,65,0
56,52,65,0
55,52,65,0
55,52,65,0
55,52,65,0
55,52,65,0
55,52,65,0
55,52,65,0
55,52,65,0
55,52,65,0
55,52,65,0
55,52,65,0
55,52,65,0
55,52,65,0
55,52,65,0
55,52,65,0
55,52,65,0
55,52,65,0
55,52,65,0
55,52,65,0
55,52,65,0
55,52,65,0
55,52,65,0
55,52,65,0
55,52,65,0
55,52,65,0
55,52,65,0
55,52,65,0
55,52,65,0
55,52,65,0
55,52,65,0
55,52,65,0
55,52,65,0
55,52,65,0
55,52,65,0
55,52,65,0
55,52,65,0
55,52,65,0
55,52,65,0
55,52,65,0
55,52,65,0
55,52,65,0
55,52,65,0
55,52,65,0
55,52,65,0
55,52,65,0
55,52,65,0
55,52,65,0
54,52,65,0
54,52,65,0
54,52,65,0
54,52,65,0
54,52,65,0
54,52,65,0
54,52,65,0
54,52,65,0
54,52,65,0
54,52,65,0
54,52,65,0
54,52,65,0
54,52,65,0
54,52,65,0
54,52,65,0
54,52,65,0
54,52,65,0
54,52,65,0
54,52,65,0
54,52,65,0
54,52,65,0
54,52,65,0
54,52,65,0
54,52,65,0
54,52,65,0
54,52,65,0
54,52,65,0
54,52,65,0
54,52,65,0
54,52,65,0
54,52,65,0
54,52,65,0
54,52,65,0
54,52,65,0
54,52,65,0
54,52,65,0
53,52,65,0
53,52,65,0
53,52,65,0
53,52,65,0
53,52,65,0
53,52,65,0
53,52,65,0
53,52,65,0
53,52,65,0
53,52,65,0
53,52,65,0
53,52,65,0
53,52,65,0
53,52,65,0
53,52,65,0
53,52,64,0
53,52,64,0
53,52,64,0
53,52,65,0
53,52,64,0
53,52,64,0
53,52,65,0
53,52,64,0
53,52,64,0
53,52,64,0
53,52,64,0
53,52,65,0
53,52,64,0
53,52,64,0
53,52,64,0
53,52,64,0
53,52,64,0
53,52,64,0
53,52,64,0
53,52,64,0
52,52,64,0
52,52,64,0
52,52,64,0
52,52,64,0
52,52,64,0
52,52,64,0
52,52,64,0
52,52,64,0
52,52,64,0
52,52,64,0
52,52,64,0
52,52,64,0
52,52,64,0
52,52,64,0
52,52,64,0
52,52,64,0
52,52,64,0
52,52,64,0
52,52,64,0
52,52,64,0
52,52,64,0
52,52,64,0
52,52,64,0
52,52,64,0
51,52,64,0
51,52,64,0
51,52,64,0
51,52,64,0
51,52,64,0
51,52,64,0
51,52,64,0
51,52,64,0
51,52,64,0
52,52,64,0
52,52,64,0
51,52,64,0
52,52,64,0
51,52,64,0
51,52,64,0
51,52,64,0
51,52,64,0
51,52,64,0
51,52,64,0
51,52,64,0
51,52,64,0
51,52,64,0
51,52,64,0
51,52,64,0
51,52,64,0
51,52,64,0
51,52,64,0
51,52,64,0
51,52,64,0
51,52,64,0
51,52,64,0
51,52,64,0
51,52,64,0
51,52,64,0
51,52,64,0
51,52,64,0
51,52,64,0
50,52,64,0
50,52,64,0
50,52,64,0
50,52,64,0
50,52,64,0
50,52,64,0
50,52,64,0
50,52,64,0
50,52,64,0
50,52,64,0
50,52,64,0
50,52,64,0
50,52,64,0
50,52,64,0
50,52,64,0
50,52,64,0
50,52,64,0
51,52,64,0
51,52,64,0
50,52,64,0
50,52,64,0
50,52,64,0
50,52,64,0
50,52,64,0
50,52,64,0
50,52,64,0
50,52,64,0
49,52,64,0
49,52,64,0
49,52,64,0
49,52,64,0
49,52,64,0
49,52,64,0
49,52,64,0
49,52,64,0
49,52,64,0
49,52,64,0
50,52,65,0
50,52,65,0
50,52,65,0
50,52,65,0
49,52,64,0
50,52,64,0
49,52,64,0
50,52,64,0
49,52,64,0
49,52,64,0
49,52,64,0
49,52,64,0
49,52,64,0
49,52,64,0
49,52,64,0
49,52,64,0
49,52,64,0
49,52,64,0
49,52,64,0
49,52,64,0
50,52,64,0
49,52,65,0
49,52,65,0
49,52,65,0
49,52,65,0
49,52,64,0
49,52,64,0
49,52,64,0
49,52,64,0
49,52,64,0
49,52,64,0
49,52,64,0
48,52,64,0
48,52,64,0
48,52,64,0
48,52,64,0
48,52,64,0
48,52,64,0
48,52,64,0
48,52,64,0
49,52,64,0
49,52,64,0
49,52,64,0
49,52,64,0
49,52,64,0
49,52,64,0
49,52,64,0
49,52,64,0
49,52,64,0
49,52,64,0
48,52,64,0
48,52,64,0
48,52,64,0
48,52,64,0
48,52,64,0
48,52,64,0
48,52,64,0
48,52,64,0
48,52,64,0
48,52,64,0
48,52,64,0
48,52,64,0
48,52,64,0
48,52,64,0
47,52,64,0
47,52,64,0
47,52,64,0
47,52,64,0
47,52,64,0
47,52,64,0
47,52,64,0
47,52,64,0
47,52,64,0
47,52,64,0
47,52,64,0
47,52,64,0
47,52,64,0
47,52,64,0
47,52,64,0
47,52,64,0
47,52,64,0
47,52,64,0
47,52,64,0
47,52,64,0
47,52,64,0
47,52,64,0
47,52,64,0
47,52,64,0
47,52,64,0
47,52,64,0
47,52,64,0
47,52,64,0
47,52,64,0
47,52,64,0
47,52,64,0
47,52,64,0
46,52,64,0
47,52,64,0
47,52,64,0
46,52,64,0
47,52,64,0
46,52,64,0
46,52,64,0
47,52,64,0
46,52,64,0
46,52,64,0
46,52,64,0
46,52,64,0
46,52,64,0
46,52,64,0
46,52,64,0
46,52,64,0
46,52,64,0
46,52,64,0
46,52,64,0
46,52,64,0
46,52,64,0
46,52,64,0
46,52,64,0
46,52,64,0
46,52,64,0
46,52,64,0
46,52,64,0
46,52,64,0
46,52,64,0
46,52,64,0
46,52,64,0
46,52,64,0
46,52,64,0
46,52,64,0
46,52,64,0
46,52,64,0
46,52,64,0
45,52,64,0
46,52,64,0
46,52,64,0
45,52,64,0
46,52,64,0
46,52,64,0
46,52,64,0
46,52,64,0
45,52,64,0
45,52,64,0
45,52,64,0
45,52,64,0
45,52,64,0
45,52,64,0
45,52,64,0
45,52,64,0
45,52,64,0
45,52,64,0
45,52,64,0
45,52,64,0
45,52,64,0
45,52,64,0
45,52,64,0
45,52,64,0
45,52,64,0
45,52,64,0
45,52,64,0
45,52,64,0
45,52,64,0
45,52,64,0
45,52,64,0
45,52,64,0
45,52,64,0
45,52,64,0
45,52,64,0
45,52,64,0
45,52,64,0
45,52,64,0
45,52,64,0
45,52,64,0
45,52,64,0
45,52,64,0
45,52,64,0
44,52,64,0
45,52,64,0
44,52,64,0
44,52,64,0
44,52,64,0
44,52,64,0
44,52,64,0
44,52,64,0
44,52,64,0
44,52,64,0
44,52,64,0
44,52,64,0
44,52,64,0
44,52,64,0
44,52,64,0
44,52,64,0
44,52,64,0
44,52,64,0
44,52,64,0
44,52,64,0
44,52,64,0
43,52,64,0
44,52,64,0
44,52,64,0
44,52,64,0
45,52,64,0
44,52,64,0
44,52,64,0
44,52,64,0
44,52,64,0
44,52,64,0
44,52,64,0
44,52,64,0
44,52,64,0
44,52,64,0
44,52,64,0
44,52,64,0
43,52,64,0
44,52,64,0
44,52,64,0
43,52,64,0
44,52,64,0
43,52,64,0
43,52,64,0
43,52,64,0
43,52,64,0
43,52,64,0
43,52,64,0
44,52,64,0
44,52,64,0
43,52,64,0
44,52,64,0
44,52,64,0
44,52,64,0
44,52,64,0
44,52,64,0
45,52,64,0
45,52,64,0
44,52,64,0
43,52,64,0
43,52,64,0
43,52,64,0
43,52,64,0
43,52,64,0
43,52,64,0
43,52,64,0
43,52,64,0
43,52,64,0
43,52,64,0
43,52,64,0
43,52,64,0
43,52,64,0
43,52,64,0
43,52,64,0
43,52,64,0
43,52,64,0
43,52,64,0
43,52,64,0
43,52,64,0
43,52,64,0
43,52,64,0
43,52,64,0
43,52,64,0
43,52,64,0
43,52,64,0
43,52,64,0
43,52,64,0
42,52,64,0
42,52,64,0
43,52,64,0
42,52,64,0
42,52,64,0
42,52,64,0
42,52,64,0
42,52,64,0
42,52,64,0
42,52,64,0
42,52,64,0
42,52,64,0
42,52,64,0
42,52,64,0
42,52,64,0
42,52,64,0
42,52,64,0
42,52,64,0
42,52,64,0
42,52,64,0
43,52,64,0
43,52,64,0
43,52,64,0
43,52,64,0
43,52,64,0
43,52,64,0
43,52,64,0
43,52,64,0
43,52,64,0
43,52,64,0
43,52,64,0
43,52,64,0
43,52,64,0
43,52,64,0
43,52,64,0
42,52,64,0
42,52,64,0
42,52,64,0
42,52,64,0
42,52,64,0
42,52,64,0
42,52,64,0
42,52,64,0
42,52,64,0
42,52,64,0
42,52,64,0
42,52,64,0
42,52,64,0
42,52,64,0
42,52,64,0
42,52,64,0
41,52,64,0
42,52,64,0
42,52,64,0
42,52,64,0
42,52,64,0
41,52,64,0
42,52,64,0
42,52,63,0
41,52,63,0
42,52,63,0
42,52,63,0
42,52,63,0
42,52,63,0
41,52,63,0
42,52,63,0
41,52,63,0
41,52,63,0
41,52,63,0
41,52,63,0
41,52,63,0
41,52,63,0
41,52,63,0
41,52,63,0
41,52,63,0
41,52,63,0
41,52,63,0
41,52,63,0
41,52,63,0
41,52,63,0
41,52,64,0
41,52,63,0
41,52,63,0
41,52,63,0
41,52,63,0
41,52,63,0
41,52,63,0
41,52,63,0
40,52,63,0
41,52,63,0
41,52,63,0
41,52,63,0
41,52,63,0
41,52,63,0
41,52,63,0
42,52,63,0
41,52,63,0
41,52,63,0
41,52,63,0
41,52,63,0
41,52,63,0
41,52,63,0
41,52,63,0
41,52,63,0
40,52,63,0
41,52,63,0
41,52,63,0
41,52,63,0
41,52,63,0
41,52,63,0
41,52,63,0
41,52,63,0
40,52,63,0
41,52,63,0
41,52,63,0
41,52,63,0
41,52,63,0
40,52,62,0
40,52,62,0
41,52,61,0
40,52,61,0
41,52,60,0
41,52,60,0
40,52,59,0
41,52,59,0
40,52,59,0
41,52,59,0
41,52,59,0
40,52,59,0
40,52,59,0
40,52,60,0
41,52,60,0
41,52,60,0
40,52,60,0
41,52,60,0
41,52,60,0
41,52,60,0
41,52,60,0
41,52,60,0
41,52,60,0
41,52,60,0
40,52,60,0
40,52,61,0
40,52,61,0
40,52,61,0
40,52,61,0
40,52,61,0
40,52,61,0
40,52,61,0
40,52,61,0
40,52,61,0
40,52,61,0
40,52,61,0
40,52,61,0
40,52,61,0
40,52,61,0
40,52,61,0
39,52,61,0
40,52,61,0
40,52,61,0
40,52,61,0
40,52,61,0
40,52,61,0
41,52,61,0
41,52,61,0
41,52,61,0
41,52,61,0
40,52,61,0
40,52,61,0
40,52,61,0
40,52,61,0
40,52,61,0
40,52,61,0
40,52,61,0
40,52,61,0
40,52,61,0
40,52,61,0
40,52,61,0
40,52,61,0
40,52,61,0
40,52,61,0
39,52,61,0
40,52,61,0
40,52,61,0
40,52,61,0
40,52,61,0
40,52,61,0
40,52,61,0
40,52,61,0
39,52,61,0
40,52,61,0
40,52,61,0
40,52,61,0
40,52,61,0
40,52,61,0
41,52,61,0
41,52,61,0
40,52,61,0
40,52,61,0
40,52,61,0
40,52,61,0
40,52,61,0
39,52,61,0
39,52,61,0
40,52,61,0
39,52,61,0
39,52,61,0
39,52,61,0
39,52,62,0
39,52,62,0
39,52,62,0
39,52,62,0
39,52,62,0
39,52,62,0
39,52,62,0
39,52,62,0
39,52,62,0
40,52,62,0
40,52,62,0
40,52,62,0
40,52,62,0
40,52,62,0
40,52,62,0
40,52,62,0
40,52,62,0
41,52,62,0
40,52,62,0
41,52,62,0
40,52,62,0
39,52,62,0
39,52,62,0
39,52,62,0
39,52,62,0
39,52,62,0
39,52,62,0
39,52,62,0
39,52,62,0
39,52,62,0
39,52,62,0
39,52,62,0
39,52,62,0
39,52,62,0
39,52,62,0
39,52,62,0
39,52,62,0
39,52,62,0
39,52,62,0
40,52,62,0
40,52,62,0
40,52,62,0
39,52,62,0
40,52,62,0
40,52,62,0
40,52,62,0
40,52,62,0
40,52,62,0
40,52,62,0
40,52,62,0
40,52,62,0
40,52,62,0
39,52,62,0
39,52,62,0
39,52,62,0
39,52,62,0
39,52,62,0
39,52,62,0
38,52,62,0
39,52,62,0
39,52,62,0
39,52,62,0
39,52,62,0
38,52,62,0
39,52,62,0
39,52,62,0
38,52,62,0
39,52,62,0
39,52,62,0
39,52,62,0
39,52,62,0
38,52,62,0
39,52,62,0
39,52,62,0
38,52,62,0
39,52,62,0
38,52,62,0
39,52,62,0
39,52,62,0
38,52,62,0
39,52,62,0
39,52,62,0
38,52,62,0
39,52,62,0
38,52,62,0
38,52,62,0
39,52,62,0
38,52,62,0
38,52,62,0
39,52,62,0
38,52,62,0
38,52,62,0
38,52,62,0
38,52,62,0
38,52,62,0
38,52,62,0
38,52,62,0
38,52,62,0
38,52,62,0
38,52,62,0
38,52,62,0
38,52,62,0
39,52,62,0
38,52,62,0
38,52,62,0
39,52,62,0
38,52,62,0
38,52,62,0
38,52,62,0
38,52,62,0
38,52,62,0
37,52,62,0
38,52,62,0
38,52,62,0
38,52,62,0
39,52,62,0
38,52,62,0
38,52,62,0
38,52,62,0
38,52,62,0
38,52,62,0
38,52,62,0
38,52,62,0
38,52,62,0
38,52,62,0
38,52,62,0
38,52,62,0
38,52,62,0
38,52,62,0
38,52,62,0
38,52,62,0
38,52,62,0
38,52,62,0
38,52,62,0
38,52,62,0
38,52,62,0
38,52,62,0
38,52,62,0
38,52,62,0
38,52,62,0
38,52,62,0
38,52,62,0
38,52,62,0
38,52,62,0
38,52,62,0
39,52,62,0
39,52,62,0
39,52,62,0
38,52,62,0
38,52,62,0
38,52,62,0
38,52,62,0
38,52,62,0
38,52,62,0
38,52,62,0
38,52,62,0
38,52,62,0
38,52,62,0
38,52,62,0
38,52,62,0
38,52,62,0
38,52,62,0
38,52,62,0
38,52,62,0
38,52,62,0
38,52,62,0
38,52,62,0
37,52,62,0
37,52,62,0
37,52,62,0
38,52,62,0
38,52,62,0
37,52,62,0
37,52,62,0
38,52,62,0
37,52,62,0
38,52,62,0
37,52,62,0
38,52,62,0
38,52,62,0
37,52,62,0
38,52,62,0
38,52,62,0
37,52,62,0
38,52,62,0
37,52,62,0
37,52,62,0
38,52,62,0
37,52,62,0
37,52,62,0
38,52,62,0
37,52,62,0
37,52,62,0
37,52,62,0
37,52,62,0
37,52,62,0
37,52,62,0
37,52,62,0
38,52,62,0
37,52,62,0
37,52,62,0
37,52,62,0
37,52,62,0
37,52,62,0
37,52,62,0
37,52,62,0
37,52,62,0
37,52,62,0
38,52,62,0
37,52,62,0
38,52,62,0
39,52,62,0
39,52,62,0
39,52,62,0
38,52,62,0
37,52,62,0
38,52,62,0
37,52,62,0
37,52,62,0
37,52,62,0
37,52,62,0
37,52,62,0
37,52,62,0
37,52,62,0
37,52,62,0
37,52,62,0
37,52,62,0
37,52,62,0
37,52,62,0
37,52,62,0
37,52,62,0
37,52,62,0
38,52,62,0
36,52,62,0
37,52,62,0
37,52,62,0
36,52,62,0
37,52,62,0
37,52,62,0
37,52,62,0
38,52,62,0
38,52,62,0
38,52,62,0
37,52,62,0
37,52,62,0
37,52,62,0
37,52,62,0
37,52,62,0
37,52,62,0
37,52,62,0
37,52,62,0
37,52,62,0
37,52,62,0
37,52,62,0
37,52,62,0
37,52,62,0
37,52,62,0
37,52,62,0
37,52,62,0
37,52,62,0
37,52,62,0
37,52,62,0
37,52,62,0
37,52,62,0
37,52,62,0
36,52,62,0
37,52,62,0
37,52,62,0
36,52,62,0
37,52,62,0
37,52,62,0
37,52,62,0
38,52,62,0
38,52,62,0
38,52,62,0
37,52,62,0
37,52,62,0
37,52,62,0
37,52,62,0
37,52,62,0
37,52,62,0
36,52,62,0
37,52,62,0
37,52,62,0
36,52,62,0
37,52,62,0
36,52,62,0
37,52,62,0
37,52,62,0
36,52,62,0
37,52,62,0
37,52,62,0
36,52,62,0
37,52,62,0
36,52,62,0
36,52,62,0
37,52,62,0
36,52,62,0
36,52,62,0
36,52,62,0
36,52,62,0
37,52,62,0
36,52,62,0
36,52,62,0
37,52,62,0
37,52,62,0
37,52,62,0
37,52,62,0
37,52,62,0
37,52,62,0
36,52,62,0
36,52,62,0
37,52,62,0
36,52,62,0
36,52,62,0
36,52,62,0
36,52,62,0
37,52,62,0
36,52,62,0
36,52,62,0
37,52,62,0
36,52,62,0
36,52,62,0
36,52,62,0
36,52,62,0
37,52,62,0
36,52,62,0
36,52,62,0
37,52,62,0
36,52,62,0
37,52,62,0
36,52,62,0
37,52,62,0
37,52,62,0
37,52,62,0
38,52,62,0
38,52,62,0
38,52,62,0
38,52,62,0
37,52,62,0
37,52,62,0
37,52,62,0
36,52,62,0
36,52,62,0
36,52,62,0
36,52,62,0
36,52,62,0
36,52,62,0
36,52,62,0
36,52,62,0
36,52,62,0
36,52,62,0
36,52,62,0
36,52,62,0
36,52,62,0
36,52,62,0
36,52,62,0
36,52,62,0
35,52,62,0
36,52,62,0
37,52,62,0
36,52,62,0
36,52,62,0
36,52,62,0
36,52,62,0
37,52,62,0
36,52,62,0
37,52,62,0
37,52,62,0
37,52,62,0
37,52,62,0
36,52,62,0
36,52,62,0
36,52,62,0
36,52,62,0
36,52,62,0
36,52,62,0
36,52,62,0
36,52,62,0
36,52,62,0
36,52,62,0
36,52,62,0
36,52,62,0
36,52,62,0
36,52,62,0
36,52,62,0
36,52,62,0
36,52,62,0
36,52,62,0
36,52,62,0
35,52,62,0
36,52,62,0
36,52,62,0
35,52,61,0
36,52,61,0
36,52,61,0
36,52,60,0
36,52,59,0
35,52,58,0
36,52,57,0
36,52,56,0
36,52,55,0
36,52,53,0
35,52,52,0
36,52,50,0
36,52,49,0
35,52,47,0
36,52,45,0
36,52,42,0
36,52,40,0
36,52,38,1
36,52,35,1
36,52,33,1
36,52,31,1
35,52,28,1
36,52,26,1
35,52,23,1
36,52,20,1
36,52,18,1
35,52,15,1
36,52,13,1
36,52,10,1
35,52,8,1
36,52,6,1
35,52,5,1
36,52,5,1
36,52,5,1
36,52,5,1
36,52,5,1
35,52,5,1
36,52,5,1
35,52,5,1
36,52,5,1
36,52,5,1
36,52,5,1
36,52,5,1
35,52,5,1
36,52,5,1
35,52,5,1
35,52,5,1
36,52,5,1
35,52,5,1
36,52,5,1
35,52,5,1
36,52,5,1
35,52,5,1
35,52,5,1
36,52,4,1
35,52,4,1
36,52,4,1
35,52,4,1
36,52,4,1
35,52,4,1
35,52,4,1
35,52,4,1
35,52,4,1
35,52,4,1
35,52,3,1
36,52,3,1
35,52,3,1
35,52,3,1
35,52,3,1
35,52,3,1
36,52,3,1
35,52,3,1
36,52,3,1
35,52,3,1
35,52,3,1
35,52,3,1
35,52,3,1
35,52,3,1
35,52,3,1
36,52,3,1
35,52,3,1
35,52,3,1
35,52,3,1
35,52,3,1
36,52,3,1
35,52,3,1
36,52,3,1
35,52,3,1
36,52,3,1
36,52,3,1
35,52,3,1
36,52,3,1
35,52,3,1
36,52,3,1
35,52,3,1
36,52,3,1
35,52,3,1
35,52,3,1
36,52,3,1
35,52,3,1
36,52,3,1
35,52,3,1
35,52,3,1
35,52,4,1
35,52,5,1
35,52,17,1
35,52,27,1
35,52,37,1
35,52,42,0
35,52,46,0
35,52,48,0
35,52,49,0
35,52,50,0
36,52,50,0
36,52,50,0
36,52,49,0
36,52,49,0
35,52,48,0
36,52,47,0
35,52,47,0
35,52,46,0
36,52,45,0
35,52,45,0
35,52,44,0
35,52,44,0
35,52,45,0
36,52,45,0
35,52,46,0
35,52,47,0
36,52,47,0
35,52,49,0
35,52,50,0
35,52,51,0
35,52,52,0
35,52,53,0
35,52,55,0
35,52,56,0
35,52,58,0
35,52,59,0
35,52,60,0
35,52,60,0
35,52,61,0
35,52,61,0
35,52,61,0
35,52,61,0
35,52,61,0
35,52,61,0
35,52,61,0
35,52,60,0
35,52,60,0
35,52,59,0
35,52,58,0
35,52,57,0
35,52,55,0
35,52,54,0
35,52,52,0
35,52,50,0
35,52,48,0
35,52,45,0
35,52,43,0
35,52,41,0
35,52,38,1
35,52,36,1
35,52,33,1
35,52,30,1
35,52,26,1
35,52,22,1
34,52,18,1
35,52,13,1
36,52,9,1
35,52,6,1
35,52,5,1
34,52,4,1
35,52,4,1
35,52,4,1
35,52,3,1
35,52,4,1
35,52,3,1
35,52,3,1
34,52,3,1
35,52,3,1
35,52,3,1
35,52,3,1
35,52,3,1
35,52,3,1
35,52,3,1
34,52,3,1
35,52,3,1
34,52,3,1
35,52,5,1
35,52,9,1
35,52,24,1
35,52,38,1
35,52,46,0
35,52,52,0
35,52,57,0
34,52,60,0
35,52,63,0
35,52,64,0
35,52,65,0
35,52,66,0
34,52,66,0
35,52,66,0
35,52,66,0
34,52,65,0
35,52,65,0
35,52,65,0
35,52,65,0
35,52,65,0
34,52,64,0
35,52,64,0
35,52,64,0
34,52,64,0
35,52,64,0
35,52,64,0
35,52,64,0
35,52,65,0
35,52,65,0
35,52,65,0
35,52,65,0
34,52,65,0
35,52,64,0
35,52,64,0
35,52,64,0
35,52,64,0
34,52,64,0
35,52,64,0
35,52,64,0
34,52,63,0
35,52,63,0
34,52,63,0
35,52,63,0
35,52,63,0
34,52,62,0
35,52,62,0
35,52,61,0
34,52,60,0
35,52,59,0
35,52,57,0
35,52,55,0
35,52,53,0
34,52,51,0
35,52,48,0
35,52,46,0
35,52,43,0
35,52,40,0
35,52,36,1
35,52,32,1
35,52,27,1
34,52,21,1
35,52,15,1
35,52,9,1
35,52,6,1
35,52,5,1
34,52,4,1
35,52,3,1
34,52,3,1
34,52,3,1
35,52,3,1
34,52,3,1
35,52,3,1
34,52,3,1
35,52,3,1
34,52,3,1
35,52,3,1
35,52,3,1
35,52,3,1
35,52,3,1
34,52,3,1
35,52,3,1
35,52,3,1
35,52,3,1
35,52,3,1
35,52,3,1
35,52,3,1
34,52,3,1
35,52,3,1
34,52,5,1
34,52,10,1
35,52,23,1
34,52,34,1
35,52,39,1
34,52,44,0
34,52,46,0
35,52,49,0
34,52,50,0
34,52,52,0
35,52,53,0
34,52,53,0
34,52,54,0
34,52,55,0
34,52,55,0
35,52,55,0
34,52,54,0
34,52,54,0
35,52,53,0
34,52,52,0
35,52,52,0
34,52,51,0
34,52,50,0
35,52,50,0
34,52,50,0
34,52,50,0
35,52,51,0
34,52,51,0
35,52,53,0
34,52,54,0
34,52,54,0
35,52,55,0
34,52,56,0
34,52,57,0
34,52,58,0
34,52,58,0
34,52,58,0
34,52,58,0
34,52,57,0
34,52,56,0
34,52,55,0
34,52,53,0
34,52,51,0
34,52,48,0
34,52,46,0
34,52,43,0
34,52,40,0
35,52,37,1
34,52,34,1
34,52,30,1
35,52,27,1
34,52,25,1
35,52,24,1
34,52,23,1
34,52,21,1
35,52,19,1
34,52,16,1
34,52,12,1
35,52,8,1
35,52,5,1
35,52,4,1
34,52,4,1
36,52,4,1
35,52,3,1
35,52,3,1
35,52,3,1
35,52,3,1
35,52,3,1
34,52,3,1
35,52,3,1
34,52,3,1
34,52,3,1
34,52,3,1
34,52,3,1
34,52,3,1
34,52,3,1
34,52,3,1
34,52,3,1
34,52,3,1
34,52,3,1
34,52,3,1
34,52,3,1
34,52,3,1
34,52,3,1
34,52,3,1
34,52,3,1
34,52,3,1
34,52,3,1
34,52,3,1
34,52,3,1
34,52,3,1
34,52,3,1
34,52,3,1
34,52,3,1
34,52,3,1
34,52,3,1
34,52,3,1
34,52,3,1
34,52,3,1
34,52,3,1
34,52,3,1
34,52,3,1
35,52,3,1
35,52,3,1
35,52,3,1
34,52,3,1
34,52,3,1
34,52,3,1
34,52,3,1
34,52,3,1
34,52,3,1
34,52,3,1
34,52,3,1
34,52,3,1
34,52,3,1
34,52,3,1
34,52,3,1
34,52,3,1
34,52,3,1
34,52,3,1
34,52,3,1
34,52,3,1
34,52,3,1
34,52,3,1
34,52,3,1
35,52,3,1
34,52,3,1
35,52,3,1
35,52,3,1
35,52,3,1
35,52,3,1
35,52,3,1
36,52,3,1
36,52,3,1
36,52,3,1
36,52,3,1
35,52,3,1
35,52,3,1
35,52,3,1
35,52,3,1
34,52,3,1
34,52,3,1
34,52,3,1
34,52,3,1
34,52,3,1
34,52,3,1
34,52,3,1
34,52,3,1
34,52,3,1
34,52,3,1
34,52,3,1
34,52,3,1
34,52,3,1
34,52,3,1
34,52,3,1
34,52,3,1
34,52,3,1
34,52,3,1
34,52,3,1
34,52,3,1
34,52,3,1
34,52,3,1
34,52,3,1
34,52,3,1
34,52,3,1
34,52,3,1
34,52,3,1
34,52,3,1
35,52,3,1
35,52,3,1
35,52,3,1
35,52,3,1
35,52,3,1
34,52,3,1
34,52,3,1
34,52,3,1
34,52,3,1
34,52,3,1
34,52,3,1
34,52,3,1
34,52,3,1
34,52,3,1
34,52,3,1
34,52,3,1
34,52,3,1
34,52,3,1
34,52,3,1
34,52,3,1
34,52,3,1
34,52,3,1
34,52,3,1
34,52,3,1
34,52,3,1
34,52,3,1
34,52,3,1
34,52,3,1
34,52,3,1
34,52,3,1
34,52,3,1
34,52,3,1
35,52,3,1
34,52,3,1
35,52,3,1
35,52,3,1
36,52,3,1
36,52,3,1
36,52,3,1
37,52,3,1
36,52,3,1
34,52,3,1
34,52,3,1
34,52,3,1
34,52,3,1
34,52,3,1
34,52,3,1
34,52,3,1
34,52,3,1
34,52,3,1
34,52,3,1
34,52,3,1
34,52,3,1
34,52,3,1
33,52,3,1
34,52,3,1
34,52,3,1
34,52,3,1
34,52,3,1
34,52,3,1
34,52,3,1
33,52,3,1
34,52,3,1
34,52,3,1
34,52,3,1
34,52,3,1
34,52,3,1
34,52,3,1
33,52,3,1
34,52,3,1
33,52,3,1
35,52,3,1
35,52,3,1
35,52,3,1
35,52,3,1
34,52,3,1
34,52,3,1
34,52,3,1
34,52,3,1
34,52,3,1
34,52,3,1
34,52,3,1
33,52,3,1
34,52,3,1
34,52,3,1
34,52,3,1
34,52,3,1
34,52,3,1
34,52,3,1
34,52,3,1
34,52,3,1
34,52,3,1
34,52,3,1
34,52,3,1
34,52,3,1
34,52,3,1
34,52,3,1
34,52,3,1
34,52,3,1
34,52,3,1
34,52,3,1
34,52,3,1
34,52,3,1
34,52,3,1
34,52,3,1
35,52,3,1
35,52,3,1
35,52,3,1
35,52,3,1
36,52,3,1
35,52,3,1
36,52,3,1
35,52,3,1
35,52,3,1
34,52,3,1
34,52,3,1
34,52,3,1
34,52,3,1
34,52,3,1
34,52,3,1
34,52,3,1
34,52,3,1
34,52,3,1
34,52,3,1
33,52,3,1
34,52,3,1
33,52,3,1
34,52,3,1
34,52,3,1
34,52,3,1
34,52,3,1
33,52,3,1
34,52,3,1
33,52,3,1
34,52,3,1
34,52,3,1
33,52,3,1
34,52,3,1
33,52,3,1
33,52,3,1
34,52,3,1
33,52,3,1
34,52,3,1
33,52,3,1
34,52,3,1
34,52,3,1
34,52,3,1
34,52,3,1
34,52,3,1
34,52,3,1
33,52,3,1
34,52,3,1
33,52,3,1
34,52,3,1
33,52,3,1
33,52,3,1
34,52,3,1
33,52,3,1
34,52,3,1
33,52,3,1
34,52,3,1
33,52,3,1
33,52,3,1
33,52,3,1
33,52,3,1
34,52,3,1
33,52,3,1
34,52,3,1
33,52,3,1
33,52,3,1
33,52,3,1
33,52,3,1
34,52,3,1
33,52,3,1
33,52,3,1
33,52,3,1
33,52,3,1
33,52,3,1
33,52,3,1
34,52,3,1
33,52,3,1
33,52,3,1
33,52,3,1
33,52,3,1
33,52,3,1
33,52,3,1
33,52,3,1
33,52,3,1
33,52,3,1
33,52,3,1
33,52,3,1
33,52,3,1
33,52,3,1
33,52,3,1
33,52,3,1
33,52,3,1
33,52,3,1
33,52,3,1
33,52,3,1
33,52,3,1
33,52,3,1
33,52,3,1
33,52,3,1
33,52,3,1
33,52,3,1
34,52,3,1
33,52,3,1
34,52,3,1
33,52,3,1
33,52,3,1
33,52,3,1
33,52,3,1
33,52,3,1
33,52,3,1
33,52,3,1
33,52,3,1
33,52,3,1
33,52,3,1
33,52,3,1
33,52,3,1
33,52,3,1
33,52,3,1
33,52,3,1
33,52,3,1
33,52,3,1
33,52,3,1
33,52,3,1
33,52,3,1
33,52,3,1
33,52,3,1
33,52,3,1
33,52,3,1
33,52,3,1
34,52,3,1
33,52,3,1
34,52,3,1
33,52,3,1
34,52,3,1
33,52,3,1
34,52,3,1
34,52,3,1
34,52,3,1
35,52,3,1
34,52,3,1
35,52,3,1
34,52,3,1
34,52,3,1
34,52,3,1
34,52,3,1
34,52,3,1
34,52,3,1
34,52,3,1
34,52,3,1
34,52,3,1
34,52,3,1
33,52,3,1
34,52,3,1
33,52,3,1
34,52,3,1
33,52,3,1
33,52,3,1
33,52,3,1
33,52,3,1
33,52,3,1
32,52,3,1
33,52,3,1
33,52,3,1
33,52,3,1
34,52,3,1
33,52,3,1
34,52,3,1
32,52,3,1
33,52,3,1
33,52,3,1
33,52,3,1
34,52,3,1
33,52,3,1
33,52,3,1
32,52,3,1
33,52,3,1
33,52,3,1
33,52,3,1
33,52,3,1
33,52,3,1
33,52,3,1
32,52,3,1
33,52,3,1
33,52,3,1
33,52,3,1
33,52,3,1
33,52,3,1
33,52,3,1
32,52,3,1
33,52,3,1
33,52,3,1
33,52,3,1
33,52,3,1
33,52,3,1
33,52,3,1
32,52,3,1
33,52,3,1
33,52,3,1
33,52,3,1
34,52,3,1
33,52,3,1
34,52,3,1
33,52,3,1
33,52,3,1
33,52,3,1
33,52,3,1
33,52,3,1
33,52,3,1
33,52,3,1
33,52,3,1
33,52,3,1
33,52,3,1
33,52,3,1
33,52,3,1
33,52,3,1
33,52,3,1
33,52,3,1
33,52,3,1
33,52,3,1
33,52,3,1
33,52,3,1
33,52,3,1
34,52,3,1
33,52,3,1
34,52,3,1
34,52,3,1
34,52,3,1
34,52,3,1
34,52,3,1
35,52,3,1
34,52,3,1
35,52,3,1
35,52,3,1
35,52,3,1
35,52,3,1
35,52,3,1
35,52,3,1
35,52,3,1
34,52,3,1
34,52,3,1
34,52,3,1
34,52,3,1
34,52,3,1
34,52,3,1
34,52,3,1
34,52,3,1
33,52,3,1
33,52,3,1
33,52,3,1
33,52,3,1
33,52,3,1
33,52,3,1
33,52,3,1
33,52,3,1
34,52,3,1
34,52,3,1
33,52,3,1
33,52,3,1
32,52,3,1
33,52,3,1
32,52,3,1
33,52,3,1
33,52,3,1
33,52,3,1
34,52,3,1
34,52,3,1
34,52,3,1
34,52,3,1
34,52,3,1
34,52,3,1
34,52,3,1
34,52,3,1
33,52,3,1
33,52,3,1
33,52,3,1
33,52,3,1
33,52,3,1
33,52,3,1
33,52,3,1
33,52,3,1
33,52,3,1
33,52,3,1
33,52,3,1
33,52,3,1
33,52,3,1
33,52,3,1
32,52,3,1
33,52,3,1
33,52,3,1
33,52,3,1
33,52,3,1
33,52,3,1
33,52,3,1
32,52,3,1
33,52,3,1
32,52,3,1
33,52,3,1
33,52,3,1
32,52,3,1
33,52,3,1
32,52,3,1
33,52,3,1
33,52,3,1
32,52,3,1
33,52,3,1
32,52,3,1
33,52,3,1
32,52,3,1
33,52,3,1
33,52,3,1
33,52,3,1
33,52,3,1
33,52,3,1
33,52,3,1
33,52,3,1
33,52,3,1
33,52,3,1
33,52,3,1
33,52,3,1
33,52,3,1
33,52,3,1
33,52,3,1
33,52,3,1
33,52,3,1
33,52,3,1
33,52,3,1
33,52,3,1
34,52,3,1
33,52,3,1
34,52,3,1
34,52,3,1
34,52,3,1
34,52,3,1
34,52,3,1
34,52,3,1
33,52,3,1
34,52,3,1
33,52,3,1
33,52,3,1
33,52,3,1
33,52,3,1
33,52,3,1
33,52,3,1
33,52,3,1
33,52,3,1
33,52,3,1
33,52,3,1
33,52,3,1
33,52,3,1
33,52,3,1
33,52,3,1
33,52,3,1
33,52,3,1
34,52,3,1
33,52,3,1
33,52,3,1
33,52,3,1
33,52,3,1
34,52,3,1
34,52,3,1
34,52,3,1
34,52,3,1
34,52,3,1
34,52,3,1
34,52,3,1
33,52,3,1
33,52,3,1
33,52,3,1
33,52,3,1
33,52,3,1
33,52,3,1
33,52,3,1
33,52,3,1
33,52,3,1
33,52,3,1
33,52,3,1
33,52,3,1
32,52,3,1
33,52,3,1
33,52,3,1
33,52,3,1
33,52,3,1
33,52,3,1
33,52,3,1
33,52,3,1
33,52,3,1
33,52,3,1
33,52,3,1
34,52,3,1
33,52,3,1
34,52,3,1
34,52,3,1
35,52,3,1
35,52,3,1
35,52,3,1
34,52,3,1
34,52,3,1
33,52,3,1
33,52,3,1
33,52,3,1
33,52,3,1
33,52,3,1
33,52,3,1
33,52,3,1
33,52,3,1
32,52,3,1
33,52,3,1
33,52,3,1
33,52,3,1
33,52,3,1
33,52,3,1
33,52,3,1
32,52,3,1
33,52,3,1
33,52,3,1
33,52,3,1
33,52,3,1
33,52,3,1
33,52,3,1
33,52,3,1
33,52,3,1
33,52,3,1
33,52,3,1
33,52,3,1
33,52,3,1
33,52,3,1
33,52,3,1
33,52,3,1
33,52,3,1
33,52,3,1
33,52,3,1
33,52,3,1
33,52,3,1
32,52,3,1
33,52,3,1
33,52,3,1
33,52,3,1
33,52,3,1
33,52,3,1
33,52,3,1
32,52,3,1
33,52,3,1
33,52,3,1
33,52,3,1
33,52,3,1
32,52,3,1
33,52,3,1
32,52,3,1
33,52,3,1
33,52,3,1
33,52,3,1
33,52,3,1
32,52,3,1
33,52,3,1
32,52,3,1
33,52,3,1
33,52,3,1
33,52,3,1
34,52,3,1
34,52,3,1
34,52,3,1
34,52,3,1
34,52,3,1
33,52,3,1
33,52,3,1
33,52,3,1
33,52,3,1
33,52,3,1
33,52,3,1
33,52,3,1
33,52,3,1
33,52,3,1
33,52,3,1
33,52,3,1
33,52,3,1
33,52,3,1
33,52,3,1
33,52,3,1
33,52,3,1
33,52,3,1
33,52,3,1
33,52,3,1
33,52,3,1
33,52,3,1
33,52,3,1
33,52,3,1
33,52,3,1
33,52,3,1
33,52,3,1
33,52,3,1
33,52,3,1
33,52,3,1
33,52,3,1
35,52,3,1
33,52,3,1
33,52,3,1
32,52,3,1
33,52,3,1
33,52,3,1
33,52,3,1
33,52,3,1
32,52,3,1
33,52,3,1
33,52,3,1
33,52,3,1
33,52,3,1
33,52,3,1
33,52,3,1
32,52,3,1
33,52,3,1
32,52,3,1
33,52,3,1
33,52,3,1
34,52,3,1
34,52,3,1
33,52,3,1
34,52,3,1
33,52,3,1
34,52,3,1
34,52,3,1
34,52,3,1
35,52,3,1
34,52,3,1
34,52,3,1
34,52,3,1
34,52,3,1
34,52,3,1
34,52,3,1
34,52,3,1
34,52,3,1
34,52,3,1
34,52,3,1
34,52,3,1
34,52,3,1
34,52,3,1
34,52,3,1
34,52,3,1
34,52,3,1
34,52,3,1
34,52,3,1
34,52,3,1
34,52,3,1
34,52,3,1
34,52,3,1
34,52,3,1
34,52,3,1
34,52,3,1
34,52,3,1
34,52,3,1
34,52,3,1
34,52,3,1
34,52,3,1
34,52,3,1
34,52,3,1
34,52,3,1
34,52,3,1
34,52,3,1
34,52,3,1
34,52,3,1
34,52,3,1
34,52,3,1
34,52,3,1
34,52,3,1
34,52,3,1
34,52,3,1
34,52,3,1
33,52,3,1
34,52,3,1
34,52,3,1
34,52,3,1
34,52,3,1
33,52,3,1
34,52,3,1
33,52,3,1
34,52,3,1
34,52,3,1
34,52,3,1
34,52,3,1
34,52,3,1
34,52,3,1
34,52,3,1
34,52,3,1
34,52,3,1
34,52,3,1
35,52,3,1
34,52,3,1
35,52,3,1
34,52,3,1
34,52,3,1
34,52,3,1
34,52,3,1
34,52,3,1
34,52,3,1
34,52,3,1
34,52,3,1
34,52,3,1
34,52,3,1
34,52,3,1
34,52,3,1
34,52,3,1
34,52,3,1
34,52,3,1
34,52,3,1
34,52,3,1
34,52,3,1
34,52,3,1
34,52,3,1
34,52,3,1
34,52,3,1
34,52,3,1
34,52,3,1
34,52,3,1
34,52,3,1
34,52,3,1
35,52,3,1
34,52,3,1
34,52,3,1
34,52,3,1
34,52,3,1
35,52,3,1
34,52,3,1
35,52,3,1
34,52,3,1
34,52,3,1
35,52,3,1
34,52,3,1
35,52,3,1
34,52,3,1
35,52,3,1
34,52,3,1
34,52,3,1
34,52,3,1
34,52,3,1
35,52,3,1
34,52,3,1
35,52,3,1
34,52,3,1
35,52,3,1
35,52,3,1
35,52,3,1
35,52,3,1
34,52,3,1
35,52,3,1
34,52,3,1
34,52,3,1
35,52,3,1
34,52,3,1
35,52,3,1
34,52,3,1
35,52,3,1
34,52,3,1
35,52,3,1
35,52,3,1
34,52,3,1
35,52,3,1
34,52,3,1
35,52,3,1
34,52,3,1
35,52,3,1
35,52,3,1
35,52,3,1
35,52,3,1
34,52,3,1
35,52,3,1
34,52,3,1
35,52,3,1
35,52,3,1
35,52,3,1
35,52,3,1
35,52,3,1
35,52,3,1
35,52,3,1
35,52,3,1
35,52,3,1
35,52,3,1
35,52,3,1
35,52,3,1
35,52,3,1
35,52,3,1
35,52,3,1
35,52,3,1
35,52,3,1
35,52,3,1
35,52,3,1
35,52,3,1
35,52,3,1
35,52,3,1
35,52,3,1
35,52,3,1
35,52,3,1
35,52,3,1
35,52,3,1
35,52,3,1
35,52,3,1
35,52,3,1
35,52,3,1
35,52,3,1
34,52,3,1
34,52,3,1
33,52,3,1
33,52,3,1
32,52,3,1
32,52,3,1
32,52,3,1
32,52,3,1
32,52,3,1
32,52,3,1
32,52,3,1
32,52,3,1
32,52,3,1
32,52,3,1
32,52,3,1
32,52,3,1
32,52,3,1
32,52,3,1
32,52,3,1
32,52,3,1
32,52,3,1
32,52,3,1
32,52,3,1
32,52,3,1
32,52,3,1
33,52,3,1
33,52,3,1
33,52,3,1
33,52,3,1
33,52,3,1
33,52,3,1
33,52,3,1
33,52,3,1
33,52,3,1
33,52,3,1
33,52,3,1
33,52,3,1
33,52,3,1
33,52,3,1
33,52,3,1
33,52,3,1
33,52,3,1
33,52,3,1
33,52,3,1
33,52,3,1
33,52,3,1
33,52,3,1
33,52,3,1
33,52,3,1
33,52,3,1
33,52,3,1
33,52,3,1
33,52,3,1
33,52,3,1
33,52,3,1
33,52,3,1
32,52,3,1
32,52,3,1
32,52,3,1
32,52,3,1
32,52,3,1
32,52,3,1
32,52,3,1
32,52,3,1
32,52,3,1
32,52,3,1
32,52,3,1
32,52,3,1
32,52,3,1
32,52,3,1
32,52,3,1
32,52,3,1
32,52,3,1
32,52,3,1
32,52,3,1
32,52,3,1
32,52,3,1
32,52,3,1
32,52,3,1
32,52,3,1
32,52,3,1
32,52,3,1
32,52,3,1
32,52,3,1
32,52,3,1
32,52,3,1
32,52,3,1
32,52,3,1
32,52,3,1
32,52,3,1
32,52,3,1
32,52,3,1
32,52,3,1
32,52,3,1
32,52,3,1
32,52,3,1
32,52,3,1
32,52,3,1
32,52,3,1
32,52,3,1
32,52,3,1
32,52,3,1
32,52,3,1
32,52,3,1
32,52,3,1
32,52,3,1
32,52,3,1
32,52,3,1
32,52,3,1
32,52,3,1
32,52,3,1
32,52,3,1
32,52,3,1
32,52,3,1
32,52,3,1
32,52,3,1
32,52,3,1
32,52,3,1
32,52,3,1
32,52,3,1
32,52,3,1
32,52,3,1
32,52,3,1
32,52,3,1
32,52,3,1
32,52,3,1
32,52,3,1
32,52,3,1
32,52,3,1
32,52,3,1
32,52,3,1
32,52,3,1
32,52,3,1
32,52,3,1
32,52,3,1
32,52,3,1
32,52,3,1
32,52,3,1
32,52,3,1
32,52,3,1
32,52,3,1
32,52,3,1
32,52,3,1
32,52,3,1
32,52,3,1
32,52,3,1
32,52,3,1
32,52,3,1
32,52,3,1
32,52,3,1
32,52,3,1
32,52,3,1
32,52,3,1
32,52,3,1
31,52,3,1
32,52,3,1
31,52,3,1
32,52,3,1
31,52,3,1
31,52,3,1
32,52,3,1
31,52,3,1
32,52,3,1
31,52,3,1
31,52,3,1
31,52,3,1
31,52,3,1
31,52,3,1
31,52,3,1
31,52,3,1
31,52,3,1
31,52,3,1
31,52,3,1
31,52,3,1
31,52,3,1
31,52,3,1
31,52,3,1
31,52,3,1
31,52,3,1
31,52,3,1
31,52,3,1
31,52,3,1
31,52,3,1
31,52,3,1
31,52,3,1
31,52,3,1
31,52,3,1
31,52,3,1
31,52,3,1
31,52,3,1
31,52,3,1
31,52,3,1
31,52,3,1
31,52,3,1
31,52,3,1
31,52,3,1
31,52,3,1
31,52,3,1
31,52,3,1
31,52,3,1
31,52,3,1
31,52,3,1
31,52,3,1
31,52,3,1
31,52,3,1
31,52,3,1
31,52,3,1
31,52,3,1
31,52,3,1
31,52,3,1
31,52,3,1
31,52,3,1
31,52,3,1
31,52,3,1
31,52,3,1
31,52,3,1
31,52,3,1
30,52,3,0
31,52,3,1
31,52,3,1
31,52,3,1
31,52,3,1
31,52,3,1
31,52,3,1
30,52,3,0
31,52,3,1
31,52,3,1
31,52,3,1
31,52,3,1
31,52,3,1
31,52,3,1
30,52,3,0
31,52,3,1
31,52,3,1
31,52,3,1
31,52,3,1
31,52,3,1
31,52,3,1
30,52,3,0
31,52,3,1
31,52,3,1
31,52,3,1
31,52,3,1
31,52,3,1
31,52,3,1
30,52,3,0
31,52,3,1
30,52,3,0
31,52,3,1
31,52,3,1
31,52,3,1
31,52,3,1
30,52,3,0
31,52,3,1
31,52,3,1
31,52,3,1
31,52,3,1
31,52,3,1
31,52,3,1
30,52,3,0
31,52,3,1
31,52,3,1
31,52,3,1
31,52,3,1
31,52,3,1
31,52,3,1
30,52,3,0
31,52,3,1
30,52,3,0
31,52,3,1
31,52,3,1
31,52,3,1
31,52,3,1
30,52,3,0
31,52,3,1
30,52,3,0
31,52,3,1
31,52,3,1
31,52,3,1
31,52,3,1
30,52,3,0
31,52,3,1
30,52,3,0
31,52,3,1
31,52,3,1
31,52,3,1
31,52,3,1
30,52,3,0
31,52,3,1
30,52,3,0
31,52,3,1
31,52,3,1
31,52,3,1
31,52,3,1
30,52,3,0
31,52,3,1
30,52,3,0
31,52,3,1
31,52,3,1
31,52,3,1
31,52,3,1
30,52,3,0
31,52,3,1
30,52,3,0
31,52,3,1
31,52,3,1
31,52,3,1
31,52,3,1
31,52,3,1
31,52,3,1
31,52,3,1
31,52,3,1
31,52,3,1
31,52,3,1
31,52,3,1
31,52,3,1
31,52,3,1
31,52,3,1
31,52,3,1
31,52,3,1
31,52,3,1
31,52,3,1
31,52,3,1
31,52,3,1
31,52,3,1
31,52,3,1
31,52,3,1
31,52,3,1
31,52,3,1
31,52,3,1
31,52,3,1
31,52,3,1
31,52,3,1
31,52,3,1
31,52,3,1
31,52,3,1
31,52,3,1
31,52,3,1
31,52,3,1
31,52,3,1
31,52,3,1
31,52,3,1
31,52,3,1
31,52,3,1
31,52,3,1
31,52,3,1
31,52,3,1
31,52,3,1
31,52,3,1
31,52,3,1
31,52,3,1
31,52,3,1
31,52,3,1
31,52,3,1
31,52,3,1
31,52,3,1
31,52,3,1
31,52,3,1
31,52,3,1
31,52,3,1
31,52,3,1
31,52,3,1
31,52,3,1
31,52,3,1
30,52,3,0
31,52,3,1
31,52,3,1
31,52,3,1
31,52,3,1
31,52,3,1
31,52,3,1
30,52,3,0
31,52,3,1
31,52,3,1
31,52,3,1
31,52,3,1
31,52,3,1
31,52,3,1
31,52,3,1
31,52,3,1
31,52,3,1
31,52,3,1
31,52,3,1
31,52,3,1
31,52,3,1
30,52,3,0
31,52,3,1
31,52,3,1
31,52,3,1
31,52,3,1
31,52,3,1
31,52,3,1
30,52,3,0
31,52,3,1
30,52,3,0
30,52,3,0
30,52,3,0
30,52,3,0
31,52,3,1
30,52,3,0
31,52,3,1
30,52,3,0
30,52,3,0
30,52,3,0
30,52,3,0
31,52,3,1
30,52,3,0
31,52,3,1
30,52,3,0
30,52,3,0
30,52,3,0
30,52,3,0
31,52,3,1
30,52,3,0
31,52,3,1
30,52,3,0
30,52,3,0
30,52,3,0
30,52,3,0
31,52,3,1
30,52,3,0
31,52,3,1
30,52,3,0
30,52,3,0
31,52,3,1
30,52,3,0
31,52,3,1
30,52,3,0
31,52,3,1
30,52,3,0
30,52,3,0
31,52,3,1
30,52,3,0
31,52,3,1
30,52,3,0
31,52,3,1
30,52,3,0
31,52,3,1
31,52,3,1
31,52,3,1
31,52,3,1
30,52,3,0
31,52,3,1
31,52,3,1
31,52,3,1
31,52,3,1
31,52,3,1
31,52,3,1
30,52,3,0
31,52,3,1
30,52,3,0
31,52,3,1
31,52,3,1
31,52,3,1
31,52,3,1
30,52,3,0
31,52,3,1
31,52,3,1
31,52,3,1
31,52,3,1
31,52,3,1
31,52,3,1
30,52,3,0
31,52,3,1
30,52,3,0
31,52,3,1
31,52,3,1
31,52,3,1
31,52,3,1
30,52,3,0
31,52,3,1
31,52,3,1
31,52,3,1
31,52,3,1
31,52,3,1
31,52,3,1
30,52,3,0
31,52,3,1
31,52,3,1
31,52,3,1
31,52,3,1
31,52,3,1
31,52,3,1
30,52,3,0
31,52,3,1
30,52,3,0
30,52,3,0
30,52,3,0
30,52,3,0
31,52,3,1
30,52,3,0
31,52,3,1
30,52,3,0
30,52,3,0
30,52,3,0
30,52,3,0
30,52,3,0
30,52,3,0
31,52,3,1
30,52,3,0
30,52,3,0
30,52,3,0
30,52,3,0
30,52,3,0
30,52,3,0
30,52,3,0
30,52,3,0
30,52,3,0
30,52,3,0
30,52,3,0
30,52,3,0
30,52,3,0
30,52,3,0
30,52,3,0
30,52,3,0
30,52,3,0
30,52,3,0
30,52,3,0
30,52,3,0
31,52,3,1
30,52,3,0
30,52,3,0
30,52,3,0
30,52,3,0
31,52,3,1
30,52,3,0
30,52,3,0
30,52,3,0
30,52,3,0
30,52,3,0
30,52,3,0
31,52,3,1
29,52,3,0
30,52,3,0
30,52,3,0
30,52,3,0
30,52,3,0
30,52,3,0
31,52,3,1
30,52,3,0
30,52,3,0
30,52,3,0
30,52,3,0
30,52,3,0
30,52,3,0
30,52,3,0
30,52,3,0
30,52,3,0
30,52,3,0
30,52,3,0
30,52,3,0
30,52,3,0
31,52,3,1
30,52,3,0
30,52,3,0
30,52,3,0
30,52,3,0
30,52,3,0
30,52,3,0
31,52,3,1
30,52,3,0
31,52,3,1
30,52,3,0
30,52,3,0
31,52,3,1
31,52,3,1
31,52,3,1
30,52,3,0
31,52,3,1
30,52,3,0
31,52,3,1
31,52,3,1
31,52,3,1
31,52,3,1
30,52,3,0
31,52,3,1
30,52,3,0
31,52,3,1
31,52,3,1
31,52,3,1
31,52,3,1
30,52,3,0
31,52,3,1
30,52,3,0
31,52,3,1
31,52,3,1
31,52,3,1
31,52,3,1
30,52,3,0
31,52,3,1
30,52,3,0
31,52,3,1
31,52,3,1
31,52,3,1
31,52,3,1
30,52,3,0
31,52,3,1
30,52,3,0
31,52,3,1
31,52,3,1
31,52,3,1
31,52,3,1
30,52,3,0
31,52,3,1
30,52,3,0
31,52,3,1
31,52,3,1
31,52,3,1
31,52,3,1
30,52,3,0
31,52,3,1
30,52,3,0
31,52,3,1
31,52,3,1
31,52,3,1
31,52,3,1
30,52,3,0
31,52,3,1
30,52,3,0
31,52,3,1
31,52,3,1
31,52,3,1
31,52,3,1
30,52,3,0
31,52,3,1
30,52,3,0
31,52,3,1
31,52,3,1
31,52,3,1
31,52,3,1
30,52,3,0
31,52,3,1
30,52,3,0
31,52,3,1
31,52,3,1
31,52,3,1
31,52,3,1
30,52,3,0
31,52,3,1
30,52,3,0
31,52,3,1
31,52,3,1
31,52,3,1
31,52,3,1
30,52,3,0
31,52,3,1
30,52,3,0
31,52,3,1
31,52,3,1
31,52,3,1
31,52,3,1
30,52,3,0
31,52,3,1
30,52,3,0
31,52,3,1
31,52,3,1
31,52,3,1
31,52,3,1
30,52,3,0
31,52,3,1
30,52,3,0
31,52,3,1
31,52,3,1
31,52,3,1
31,52,3,1
30,52,3,0
31,52,3,1
30,52,3,0
31,52,3,1
31,52,3,1
31,52,3,1
31,52,3,1
30,52,3,0
31,52,3,1
30,52,3,0
31,52,3,1
31,52,3,1
31,52,3,1
31,52,3,1
30,52,3,0
31,52,3,1
30,52,3,0
31,52,3,1
31,52,3,1
31,52,3,1
31,52,3,1
30,52,3,0
31,52,3,1
30,52,3,0
31,52,3,1
31,52,3,1
31,52,3,1
31,52,3,1
30,52,3,0
31,52,3,1
30,52,3,0
31,52,3,1
31,52,3,1
31,52,3,1
31,52,3,1
30,52,3,0
31,52,3,1
30,52,3,0
31,52,3,1
31,52,3,1
30,52,3,0
30,52,3,0
30,52,3,0
30,52,3,0
30,52,3,0
30,52,3,0
30,52,3,0
30,52,3,0
30,52,3,0
29,52,3,0
30,52,3,0
30,52,3,0
30,52,3,0
30,52,3,0
30,52,3,0
30,52,3,0
29,52,3,0
30,52,3,0
30,52,3,0
30,52,3,0
30,52,3,0
30,52,3,0
30,52,3,0
29,52,3,0
30,52,3,0
30,52,3,0
30,52,3,0
30,52,3,0
30,52,3,0
30,52,3,0
29,52,3,0
30,52,3,0
30,52,3,0
30,52,3,0
30,52,3,0
30,52,3,0
30,52,3,0
29,52,3,0
30,52,3,0
30,52,3,0
30,52,3,0
30,52,3,0
30,52,3,0
30,52,3,0
29,52,3,0
30,52,3,0
30,52,3,0
30,52,3,0
30,52,3,0
30,52,3,0
30,52,3,0
29,52,3,0
30,52,3,0
30,52,3,0
30,52,3,0
30,52,3,0
30,52,3,0
30,52,3,0
29,52,3,0
30,52,3,0
29,52,3,0
30,52,3,0
30,52,3,0
30,52,3,0
30,52,3,0
29,52,3,0
30,52,3,0
30,52,3,0
30,52,3,0
30,52,3,0
30,52,3,0
30,52,3,0
29,52,3,0
30,52,3,0
30,52,3,0
30,52,3,0
30,52,3,0
30,52,3,0
30,52,3,0
29,52,3,0
30,52,3,0
30,52,3,0
30,52,3,0
30,52,3,0
30,52,3,0
30,52,3,0
29,52,3,0
30,52,3,0
30,52,3,0
30,52,3,0
30,52,3,0
30,52,3,0
30,52,3,0
29,52,3,0
30,52,3,0
30,52,3,0
30,52,3,0
30,52,4,0
30,52,3,0
30,52,3,0
30,52,3,0
30,52,3,0
30,52,3,0
30,52,3,0
30,52,3,0
30,52,3,0
30,52,3,0
30,52,3,0
30,52,3,0
30,52,3,0
30,52,3,0
30,52,3,0
30,52,3,0
30,52,3,0
30,52,3,0
30,52,3,0
30,52,3,0
30,52,3,0
30,52,3,0
30,52,3,0
30,52,3,0
30,52,3,0
30,52,3,0
30,52,3,0
30,52,3,0
30,52,3,0
30,52,3,0
30,52,3,0
30,52,3,0
30,52,3,0
30,52,3,0
30,52,3,0
30,52,3,0
30,52,3,0
30,52,3,0
30,52,3,0
30,52,3,0
30,52,3,0
30,52,3,0
30,52,3,0
30,52,3,0
30,52,3,0
30,52,3,0
30,52,3,0
30,52,3,0
30,52,3,0
30,52,3,0
30,52,3,0
30,52,3,0
30,52,3,0
30,52,3,0
29,52,3,0
29,52,3,0
30,52,3,0
29,52,3,0
29,52,3,0
29,52,3,0
29,52,3,0
29,52,3,0
29,52,3,0
29,52,3,0
29,52,3,0
29,52,3,0
29,52,3,0
29,52,3,0
29,52,3,0
29,52,3,0
29,52,3,0
29,52,3,0
29,52,3,0
29,52,3,0
29,52,3,0
29,52,3,0
29,52,3,0
29,52,3,0
29,52,3,0
29,52,3,0
29,52,3,0
29,52,3,0
29,52,3,0
29,52,3,0
29,52,3,0
29,52,3,0
29,52,3,0
29,52,3,0
29,52,3,0
29,52,3,0
29,52,3,0
29,52,3,0
29,52,3,0
29,52,3,0
29,52,3,0
29,52,3,0
29,52,3,0
29,52,3,0
29,52,3,0
29,52,3,0
29,52,3,0
29,52,3,0
29,52,3,0
29,52,3,0
29,52,3,0
29,52,3,0
29,52,3,0
29,52,3,0
29,52,3,0
29,52,3,0
29,52,3,0
29,52,3,0
29,52,3,0
29,52,3,0
29,52,3,0
29,52,3,0
29,52,3,0
29,52,3,0
29,52,3,0
29,52,3,0
29,52,3,0
29,52,3,0
29,52,3,0
29,52,3,0
29,52,3,0
29,52,3,0
29,52,3,0
29,52,3,0
29,52,3,0
29,52,3,0
29,52,3,0
29,52,3,0
29,52,3,0
29,52,3,0
29,52,3,0
29,52,3,0
29,52,3,0
29,52,3,0
29,52,3,0
29,52,3,0
29,52,3,0
29,52,3,0
29,52,3,0
29,52,3,0
29,52,3,0
29,52,3,0
29,52,3,0
29,52,3,0
29,52,3,0
29,52,3,0
29,52,3,0
29,52,3,0
29,52,3,0
29,52,3,0
29,52,3,0
29,52,3,0
29,52,3,0
29,52,3,0
29,52,3,0
29,52,3,0
29,52,3,0
29,52,3,0
29,52,3,0
29,52,3,0
29,52,3,0
29,52,3,0
29,52,3,0
29,52,3,0
29,52,3,0
29,52,3,0
29,52,3,0
29,52,3,0
29,52,3,0
29,52,3,0
29,52,3,0
29,52,3,0
29,52,3,0
29,52,3,0
29,52,3,0
29,52,3,0
29,52,3,0
29,52,3,0
29,52,3,0
29,52,3,0
29,52,3,0
29,52,3,0
29,52,3,0
29,52,3,0
29,52,3,0
29,52,3,0
29,52,3,0
29,52,3,0
29,52,3,0
29,52,3,0
29,52,3,0
29,52,3,0
29,52,3,0
29,52,3,0
29,52,3,0
29,52,3,0
29,52,3,0
29,52,3,0
29,52,3,0
29,52,3,0
29,52,3,0
29,52,3,0
29,52,3,0
29,52,3,0
29,52,3,0
29,52,3,0
29,52,3,0
29,52,3,0
29,52,3,0
29,52,3,0
29,52,3,0
29,52,3,0
29,52,3,0
29,52,3,0
29,52,3,0
29,52,3,0
29,52,3,0
29,52,3,0
29,52,3,0
29,52,3,0
29,52,3,0
29,52,3,0
29,52,3,0
29,52,3,0
29,52,3,0
29,52,3,0
29,52,3,0
29,52,3,0
29,52,3,0
29,52,3,0
29,52,3,0
29,52,3,0
29,52,3,0
29,52,3,0
29,52,3,0
29,52,3,0
29,52,3,0
29,52,3,0
29,52,3,0
29,52,3,0
29,52,3,0
29,52,3,0
29,52,3,0
29,52,3,0
29,52,3,0
29,52,3,0
29,52,3,0
29,52,3,0
29,52,3,0
29,52,3,0
29,52,3,0
29,52,3,0
29,52,3,0
28,52,3,0
28,52,3,0
28,52,3,0
28,52,3,0
28,52,3,0
28,52,3,0
28,52,3,0
28,52,3,0
28,52,3,0
28,52,3,0
28,52,3,0
28,52,3,0
28,52,3,0
28,52,3,0
28,52,3,0
28,52,3,0
28,52,3,0
28,52,3,0
28,52,3,0
28,52,3,0
28,52,3,0
28,52,3,0
28,52,3,0
28,52,3,0
28,52,3,0
28,52,3,0
28,52,3,0
28,52,3,0
28,52,3,0
28,52,3,0
28,52,3,0
28,52,3,0
28,52,3,0
28,52,3,0
28,52,3,0
28,52,3,0
28,52,3,0
28,52,3,0
28,52,3,0
28,52,3,0
28,52,3,0
28,52,3,0
28,52,3,0
28,52,3,0
28,52,3,0
28,52,3,0
28,52,3,0
28,52,3,0
28,52,3,0
28,52,3,0
28,52,3,0
28,52,3,0
28,52,3,0
28,52,3,0
28,52,3,0
28,52,3,0
28,52,3,0
28,52,3,0
28,52,3,0
28,52,3,0
28,52,3,0
28,52,3,0
28,52,3,0
28,52,3,0
28,52,3,0
28,52,3,0
28,52,3,0
28,52,3,0
28,52,3,0
28,52,3,0
28,52,3,0
28,52,3,0
28,52,3,0
28,52,3,0
28,52,3,0
28,52,3,0
28,52,3,0
28,52,3,0
28,52,3,0
28,52,3,0
28,52,3,0
28,52,3,0
28,52,3,0
28,52,3,0
28,52,3,0
28,52,3,0
28,52,3,0
28,52,3,0
28,52,3,0
28,52,3,0
28,52,3,0
28,52,3,0
28,52,3,0
28,52,3,0
28,52,3,0
28,52,3,0
28,52,3,0
28,52,3,0
28,52,3,0
28,52,3,0
28,52,3,0
28,52,3,0
28,52,3,0
28,52,3,0
28,52,3,0
28,52,3,0
28,52,3,0
28,52,3,0
28,52,3,0
28,52,3,0
28,52,3,0
28,52,3,0
28,52,3,0
28,52,3,0
28,52,3,0
28,52,3,0
28,52,3,0
28,52,3,0
28,52,3,0
28,52,3,0
28,52,3,0
28,52,3,0
28,52,3,0
28,52,3,0
28,52,3,0
28,52,3,0
28,52,3,0
28,52,3,0
28,52,3,0
28,52,3,0
28,52,3,0
28,52,3,0
28,52,3,0
28,52,3,0
28,52,3,0
28,52,3,0
28,52,3,0
28,52,3,0
28,52,3,0
28,52,3,0
28,52,3,0
28,52,3,0
28,52,3,0
28,52,3,0
28,52,3,0
28,52,3,0
28,52,3,0
28,52,3,0
28,52,3,0
28,52,3,0
28,52,3,0
28,52,3,0
28,52,3,0
28,52,3,0
28,52,3,0
28,52,3,0
28,52,3,0
28,52,3,0
28,52,3,0
28,52,3,0
28,52,3,0
28,52,3,0
28,52,3,0
28,52,3,0
28,52,3,0
28,52,3,0
28,52,3,0
28,52,3,0
28,52,3,0
28,52,3,0
28,52,3,0
28,52,3,0
28,52,3,0
28,52,3,0
28,52,3,0
28,52,3,0
28,52,3,0
28,52,3,0
28,52,3,0
28,52,3,0
28,52,3,0
28,52,3,0
28,52,3,0
28,52,3,0
28,52,3,0
28,52,3,0
28,52,3,0
28,52,3,0
28,52,3,0
28,52,3,0
28,52,3,0
28,52,3,0
28,52,3,0
28,52,3,0
28,52,3,0
28,52,3,0
28,52,3,0
28,52,3,0
28,52,3,0
28,52,3,0
28,52,3,0
28,52,3,0
28,52,3,0
28,52,3,0
28,52,3,0
28,52,3,0
28,52,3,0
28,52,3,0
28,52,3,0
28,52,3,0
28,52,3,0
28,52,3,0
28,52,3,0
28,52,3,0
28,52,3,0
28,52,3,0
28,52,3,0
28,52,3,0
28,52,3,0
28,52,3,0
28,52,3,0
28,52,3,0
28,52,3,0
28,52,3,0
28,52,3,0
28,52,3,0
28,52,3,0
28,52,3,0
28,52,3,0
28,52,3,0
28,52,3,0
28,52,3,0
28,52,3,0
28,52,3,0
28,52,3,0
28,52,3,0
28,52,3,0
28,52,3,0
28,52,3,0
28,52,3,0
28,52,3,0
28,52,3,0
28,52,3,0
28,52,3,0
28,52,3,0
28,52,3,0
28,52,3,0
28,52,3,0
28,52,3,0
28,52,3,0
28,52,3,0
28,52,3,0
28,52,3,0
28,52,3,0
27,52,3,0
27,52,3,0
27,52,3,0
27,52,3,0
27,52,3,0
27,52,3,0
27,52,3,0
27,52,3,0
27,52,3,0
27,52,3,0
27,52,3,0
27,52,3,0
27,52,3,0
27,52,3,0
27,52,3,0
27,52,3,0
27,52,3,0
27,52,3,0
27,52,3,0
27,52,3,0
27,52,3,0
27,52,3,0
27,52,3,0
27,52,3,0
27,52,3,0
27,52,3,0
27,52,3,0
27,52,3,0
27,52,3,0
27,52,3,0
27,52,3,0
27,52,3,0
27,52,3,0
27,52,3,0
27,52,3,0
27,52,3,0
27,52,3,0
27,52,3,0
27,52,3,0
27,52,3,0
27,52,3,0
27,52,3,0
27,52,3,0
27,52,3,0
27,52,3,0
27,52,3,0
27,52,3,0
27,52,3,0
27,52,3,0
27,52,3,0
27,52,3,0
27,52,3,0
27,52,3,0
27,52,3,0
27,52,3,0
27,52,3,0
27,52,3,0
27,52,3,0
27,52,3,0
27,52,3,0
27,52,3,0
27,52,3,0
27,52,3,0
27,52,3,0
27,52,3,0
27,52,3,0
27,52,3,0
27,52,3,0
27,52,3,0
27,52,3,0
27,52,3,0
27,52,3,0
27,52,3,0
27,52,3,0
27,52,3,0
27,52,3,0
27,52,3,0
27,52,3,0
27,52,3,0
27,52,3,0
27,52,3,0
27,52,3,0
27,52,3,0
27,52,3,0
27,52,3,0
27,52,3,0
27,52,3,0
27,52,3,0
27,52,3,0
27,52,3,0
27,52,3,0
27,52,3,0
27,52,3,0
27,52,3,0
27,52,3,0
27,52,3,0
27,52,3,0
27,52,3,0
27,52,3,0
27,52,3,0
27,52,3,0
27,52,3,0
27,52,3,0
27,52,3,0
27,52,3,0
27,52,3,0
27,52,3,0
27,52,3,0
27,52,3,0
27,52,3,0
27,52,3,0
27,52,3,0
27,52,3,0
27,52,3,0
27,52,3,0
27,52,3,0
27,52,3,0
27,52,3,0
27,52,3,0
27,52,3,0
27,52,3,0
27,52,3,0
27,52,3,0
27,52,3,0
27,52,3,0
27,52,3,0
27,52,3,0
27,52,3,0
27,52,3,0
27,52,3,0
27,52,3,0
27,52,3,0
27,52,3,0
27,52,3,0
27,52,3,0
27,52,3,0
27,52,3,0
27,52,3,0
27,52,3,0
27,52,3,0
27,52,3,0
27,52,3,0
27,52,3,0
27,52,3,0
27,52,3,0
27,52,3,0
27,52,3,0
27,52,3,0
27,52,3,0
27,52,3,0
27,52,3,0
27,52,3,0
27,52,3,0
27,52,3,0
27,52,3,0
27,52,3,0
27,52,3,0
27,52,3,0
27,52,3,0
27,52,3,0
27,52,3,0
27,52,4,0
27,52,3,0
27,52,3,0
27,52,3,0
27,52,5,0
27,52,5,0
27,52,13,0
27,52,18,0
27,52,22,0
27,52,27,0
27,52,31,0
27,52,34,0
27,52,37,0
27,52,39,0
27,52,42,0
27,52,45,0
27,52,46,0
27,52,47,0
27,52,48,0
27,52,49,0
27,52,50,0
27,52,51,0
27,52,51,0
27,52,52,0
27,52,52,0
27,52,53,0
27,52,54,0
27,52,55,0
27,52,56,0
27,52,57,0
27,52,58,0
27,52,59,0
27,52,60,0
27,52,61,0
27,52,61,0
27,52,62,0
27,52,63,0
27,52,63,0
27,52,63,0
27,52,64,0
27,52,64,0
27,52,64,0
27,52,64,0
27,52,64,0
27,52,65,0
27,52,65,0
27,52,65,0
27,52,65,0
27,52,65,0
27,52,65,0
27,52,65,0
27,52,65,0
27,52,66,0
27,52,66,0
27,52,66,0
27,52,66,0
27,52,65,0
27,52,65,0
27,52,65,0
27,52,65,0
27,52,65,0
27,52,65,0
27,52,65,0
27,52,65,0
27,52,65,0
27,52,65,0
27,52,65,0
27,52,65,0
27,52,65,0
27,52,65,0
27,52,65,0
27,52,65,0
27,52,65,0
27,52,65,0
27,52,65,0
27,52,66,0
27,52,66,0
27,52,66,0
27,52,66,0
27,52,66,0
27,52,66,0
27,52,66,0
27,52,66,0
27,52,66,0
27,52,66,0
27,52,66,0
27,52,66,0
27,52,66,0
27,52,66,0
27,52,66,0
27,52,66,0
27,52,66,0
27,52,66,0
27,52,66,0
27,52,66,0
27,52,66,0
27,52,66,0
27,52,66,0
27,52,66,0
27,52,66,0
27,52,66,0
27,52,66,0
27,52,66,0
27,52,66,0
27,52,66,0
27,52,66,0
27,52,66,0
27,52,66,0
27,52,66,0
27,52,66,0
27,52,66,0
27,52,66,0
27,52,66,0
27,52,66,0
27,52,66,0
27,52,66,0
27,52,66,0
27,52,66,0
27,52,66,0
27,52,66,0
27,52,66,0
27,52,66,0
27,52,66,0
27,52,66,0
27,52,66,0
27,52,66,0
27,52,66,0
27,52,66,0
27,52,66,0
27,52,66,0
27,52,66,0
27,52,66,0
27,52,66,0
27,52,66,0
27,52,66,0
27,52,66,0
27,52,66,0
27,52,66,0
27,52,66,0
27,52,66,0
27,52,66,0
27,52,66,0
27,52,66,0
27,52,66,0
27,52,66,0
27,52,66,0
27,52,66,0
27,52,66,0
27,52,66,0
27,52,66,0
27,52,66,0
27,52,66,0
27,52,66,0
27,52,66,0
27,52,66,0
28,52,66,0
28,52,66,0
28,52,66,0
28,52,66,0
28,52,66,0
28,52,66,0
29,52,66,0
29,52,66,0
29,52,66,0
29,52,66,0
29,52,66,0
29,52,66,0
30,52,66,0
30,52,66,0
30,52,66,0
30,52,66,0
30,52,66,0
31,52,66,0
31,52,65,0
31,52,65,0
31,52,65,0
31,52,65,0
31,52,65,0
32,52,65,0
32,52,65,0
32,52,65,0
32,52,65,0
32,52,65,0
32,52,65,0
32,52,65,0
33,52,65,0
33,52,65,0
33,52,65,0
33,52,65,0
33,52,65,0
33,52,65,0
33,52,65,0
34,52,65,0
34,52,65,0
34,52,65,0
34,52,65,0
34,52,65,0
34,52,65,0
35,52,65,0
35,52,65,0
35,52,65,0
35,52,65,0
35,52,65,0
35,52,65,0
36,52,65,0
36,52,65,0
36,52,65,0
36,52,65,0
36,52,65,0
36,52,65,0
37,52,65,0
37,52,65,0
37,52,65,0
37,52,65,0
37,52,65,0
38,52,65,0
38,52,65,0
38,52,65,0
38,52,65,0
38,52,65,0
38,52,65,0
39,52,65,0
39,52,65,0
39,52,65,0
39,52,65,0
39,52,65,0
40,52,65,0
40,52,65,0
40,52,65,0
40,52,65,0
41,52,65,0
41,52,65,0
41,52,65,0
41,52,65,0
41,52,64,0
42,52,65,0
42,52,65,0
42,52,64,0
42,52,65,0
43,52,65,0
43,52,65,0
43,52,65,0
43,52,64,0
43,52,64,0
44,52,64,0
44,52,64,0
44,52,64,0
44,52,64,0
45,52,64,0
45,52,64,0
45,52,64,0
45,52,64,0
45,52,64,0
46,52,64,0
46,52,64,0
46,52,64,0
46,52,64,0
46,52,64,0
47,52,64,0
47,52,64,0
47,52,64,0
47,52,64,0
47,52,64,0
48,52,64,0
48,52,64,0
48,52,64,0
48,52,64,0
48,52,64,0
49,52,64,0
49,52,64,0
49,52,64,0
49,52,64,0
49,52,64,0
50,52,64,0
50,52,64,0
50,52,64,0
50,52,64,0
50,52,64,0
50,52,64,0
51,52,64,0
51,52,64,0
51,52,64,0
51,52,64,0
51,52,64,0
51,52,64,0
52,52,64,0
52,52,64,0
52,52,64,0
52,52,64,0
52,52,64,0
52,52,64,0
53,52,64,0
53,52,64,0
53,52,64,0
53,52,64,0
53,52,64,0
53,52,64,0
53,52,64,0
54,52,64,0
54,52,64,0
54,52,64,0
54,52,64,0
54,52,64,0
54,52,63,0
54,52,63,0
55,52,63,0
55,52,63,0
55,52,63,0
55,52,63,0
55,52,63,0
55,52,63,0
55,52,63,0
55,52,63,0
55,52,63,0
56,52,63,0
56,52,63,0
56,52,63,0
56,52,63,0
56,52,63,0
56,52,63,0
56,52,63,0
56,52,63,0
57,52,63,0
57,52,63,0
57,52,63,0
57,52,63,0
57,52,63,0
57,52,63,0
57,52,63,0
57,52,63,0
57,52,63,0
57,52,63,0
58,52,63,0
58,52,63,0
58,52,63,0
58,52,63,0
58,52,63,0
58,52,63,0
58,52,63,0
58,52,63,0
58,52,63,0
58,52,63,0
59,52,63,0
59,52,63,0
59,52,63,0
59,52,63,0
59,52,63,0
59,52,63,0
59,52,63,0
59,52,63,0
59,52,63,0
59,52,63,0
59,52,63,0
60,52,63,0
60,52,63,0
60,52,63,0
60,52,63,0
60,52,63,0
60,52,63,0
60,52,62,0
60,52,63,0
60,52,63,0
60,52,62,0
60,52,63,0
60,52,62,0
60,52,62,0
61,52,62,0
61,52,62,0
61,52,62,0
61,52,62,0
61,52,62,0
61,52,62,0
61,52,62,0
61,52,62,0
61,52,62,0
61,52,62,0
61,52,62,0
61,52,62,0
61,52,62,0
61,52,62,0
61,52,62,0
62,52,62,0
62,52,62,0
62,52,62,0
62,52,62,0
62,52,62,0
62,52,62,0
62,52,62,0
62,52,62,0
62,52,62,0
62,52,62,0
62,52,62,0
62,52,62,0
62,52,62,0
62,52,62,0
62,52,62,0
62,52,62,0
63,52,62,0
63,52,62,0
63,52,62,0
63,52,62,0
63,52,62,0
63,52,62,0
63,52,62,0
63,52,62,0
63,52,62,0
63,52,62,0
63,52,62,0
63,52,62,0
63,52,62,0
63,52,62,0
63,52,62,0
63,52,62,0
64,52,62,0
64,52,62,0
64,52,62,0
64,52,62,0
64,52,62,0
64,52,62,0
64,52,62,0
64,52,62,0
64,52,62,0
64,52,62,0
64,52,61,0
64,52,61,0
64,52,61,0
64,52,61,0
64,52,61,0
64,52,61,0
64,52,61,0
65,52,61,0
65,52,61,0
65,52,61,0
65,52,61,0
65,52,61,0
65,52,61,0
65,52,61,0
65,52,61,0
65,52,61,0
65,52,61,0
65,52,61,0
65,52,61,0
65,52,61,0
65,52,61,0
65,52,61,0
65,52,61,0
65,52,61,0
65,52,61,0
65,52,61,0
65,52,61,0
65,52,61,0
65,52,61,0
65,52,61,0
65,52,61,0
65,52,61,0
65,52,61,0
65,52,61,0
65,52,61,0
65,52,61,0
65,52,61,0
65,52,61,0
65,52,61,0
65,52,61,0
65,52,61,0
65,52,61,0
65,52,61,0
65,52,61,0
65,52,61,0
65,52,61,0
65,52,61,0
65,52,61,0
65,52,61,0
65,52,61,0
65,52,61,0
65,52,61,0
65,52,61,0
65,52,61,0
65,52,61,0
65,52,61,0
65,52,61,0
65,52,61,0
65,52,61,0
65,52,61,0
65,52,61,0
65,52,61,0
65,52,61,0
65,52,61,0
65,52,61,0
65,52,61,0
65,52,61,0
65,52,61,0
65,52,61,0
65,52,61,0
65,52,61,0
65,52,61,0
65,52,61,0
65,52,61,0
65,52,61,0
65,52,61,0
65,52,61,0
65,52,61,0
65,52,61,0
65,52,61,0
65,52,61,0
65,52,61,0
65,52,61,0
65,52,61,0
65,52,61,0
65,52,61,0
65,52,61,0
65,52,61,0
65,52,61,0
65,52,61,0
65,52,61,0
65,52,61,0
65,52,61,0
65,52,61,0
65,52,61,0
65,52,61,0
65,52,61,0
65,52,61,0
65,52,61,0
65,52,61,0
65,52,61,0
65,52,61,0
65,52,61,0
65,52,61,0
65,52,61,0
65,52,61,0
65,52,61,0
65,52,61,0
65,52,61,0
65,52,61,0
65,52,61,0
65,52,61,0
65,52,61,0
65,52,61,0
65,52,61,0
65,52,61,0
65,52,61,0
65,52,61,0
65,52,61,0
65,52,61,0
65,52,61,0
65,52,61,0
65,52,61,0
65,52,61,0
65,52,61,0
65,52,61,0
65,52,61,0
65,52,61,0
65,52,61,0
65,52,61,0
65,52,61,0
65,52,61,0
65,52,61,0
65,52,61,0
65,52,61,0
65,52,61,0
65,52,61,0
65,52,61,0
65,52,60,0
65,52,60,0
65,52,60,0
65,52,61,0
65,52,61,0
65,52,60,0
65,52,61,0
65,52,61,0
65,52,60,0
65,52,61,0
65,52,61,0
65,52,61,0
65,52,61,0
65,52,61,0
65,52,61,0
65,52,60,0
65,52,60,0
65,52,60,0
65,52,59,0
65,52,58,0
65,52,57,0
65,52,55,0
65,52,53,0
65,52,49,0
65,52,44,0
65,52,37,1
65,52,24,1
65,52,9,1
65,52,5,1
65,52,4,1
65,52,3,1
65,52,3,1
65,52,3,1
65,52,4,1
65,52,3,1
65,52,3,1
65,52,3,1
65,52,3,1
65,52,3,1
65,52,3,1
65,52,3,1
65,52,3,1
65,52,3,1
65,52,3,1
65,52,3,1
65,52,3,1
65,52,3,1
65,52,4,1
65,52,3,1
65,52,3,1
65,52,3,1
65,52,3,1
65,52,3,1
65,52,3,1
65,52,4,1
65,52,3,1
65,52,3,1
65,52,3,1
65,52,3,1
65,52,3,1
65,52,3,1
65,52,3,1
65,52,3,1
65,52,3,1
65,52,3,1
65,52,3,1
65,52,3,1
65,52,3,1
65,52,3,1
65,52,3,1
65,52,3,1
65,52,3,1
65,52,3,1
65,52,3,1
65,52,3,1
65,52,3,1
65,52,3,1
65,52,3,1
65,52,3,1
65,52,3,1
65,52,3,1
65,52,3,1
65,52,3,1
65,52,3,1
65,52,3,1
65,52,3,1
65,52,3,1
65,52,3,1
65,52,3,1
65,52,3,1
65,52,3,1
65,52,3,1
65,52,3,1
65,52,3,1
65,52,3,1
65,52,3,1
65,52,3,1
65,52,3,1
65,52,3,1
65,52,3,1
65,52,3,1
65,52,3,1
65,52,3,1
65,52,3,1
65,52,3,1
65,52,3,1
65,52,3,1
65,52,3,1
65,52,3,1
65,52,3,1
65,52,3,1
65,52,3,1
65,52,3,1
65,52,3,1
65,52,3,1
65,52,3,1
65,52,3,1
65,52,3,1
65,52,3,1
65,52,3,1
65,52,3,1
65,52,3,1
65,52,3,1
65,52,3,1
65,52,3,1
65,52,3,1
65,52,3,1
65,52,3,1
65,52,3,1
65,52,3,1
65,52,3,1
65,52,3,1
65,52,3,1
65,52,3,1
65,52,3,1
65,52,3,1
65,52,3,1
65,52,3,1
65,52,3,1
65,52,3,1
65,52,3,1
65,52,3,1
65,52,3,1
65,52,3,1
65,52,3,1
65,52,3,1
64,52,3,1
64,52,3,1
64,52,3,1
64,52,3,1
64,52,3,1
64,52,3,1
64,52,3,1
64,52,3,1
64,52,3,1
64,52,3,1
64,52,3,1
64,52,3,1
64,52,3,1
64,52,3,1
64,52,3,1
64,52,3,1
64,52,3,1
64,52,3,1
64,52,3,1
64,52,3,1
64,52,3,1
64,52,3,1
64,52,3,1
64,52,3,1
64,52,3,1
64,52,3,1
64,52,3,1
64,52,3,1
64,52,3,1
64,52,3,1
64,52,3,1
64,52,3,1
64,52,3,1
64,52,3,1
64,52,3,1
64,52,3,1
64,52,3,1
64,52,3,1
64,52,3,1
64,52,3,1
64,52,3,1
64,52,3,1
64,52,3,1
64,52,3,1
64,52,3,1
64,52,3,1
64,52,3,1
64,52,3,1
64,52,3,1
64,52,3,1
64,52,3,1
64,52,3,1
64,52,3,1
64,52,3,1
64,52,3,1
64,52,3,1
64,52,3,1
64,52,3,1
64,52,3,1
64,52,3,1
64,52,3,1
64,52,3,1
64,52,3,1
64,52,3,1
64,52,3,1
64,52,3,1
64,52,3,1
64,52,3,1
64,52,3,1
64,52,3,1
64,52,3,1
64,52,3,1
64,52,3,1
64,52,3,1
64,52,3,1
64,52,3,1
64,52,3,1
64,52,3,1
64,52,3,1
64,52,3,1
64,52,3,1
64,52,3,1
64,52,3,1
64,52,3,1
64,52,3,1
64,52,3,1
64,52,3,1
64,52,3,1
64,52,3,1
64,52,3,1
64,52,3,1
64,52,3,1
64,52,3,1
64,52,3,1
64,52,3,1
64,52,3,1
64,52,3,1
64,52,3,1
64,52,3,1
64,52,3,1
64,52,3,1
64,52,3,1
64,52,3,1
64,52,3,1
64,52,3,1
64,52,3,1
64,52,3,1
64,52,3,1
64,52,3,1
64,52,3,1
64,52,3,1
64,52,3,1
64,52,3,1
64,52,3,1
64,52,3,1
64,52,3,1
64,52,3,1
64,52,3,1
64,52,3,1
64,52,3,1
64,52,3,1
64,52,3,1
64,52,3,1
64,52,3,1
64,52,3,1
64,52,3,1
64,52,3,1
64,52,3,1
64,52,3,1
64,52,3,1
64,52,3,1
64,52,3,1
64,52,3,1
64,52,3,1
64,52,3,1
64,52,3,1
64,52,3,1
64,52,3,1
64,52,3,1
64,52,3,1
64,52,3,1
64,52,3,1
64,52,3,1
64,52,3,1
64,52,3,1
64,52,3,1
64,52,3,1
64,52,3,1
64,52,3,1
64,52,3,1
64,52,3,1
64,52,3,1
64,52,3,1
64,52,3,1
63,52,3,1
64,52,4,1
64,52,3,1
63,52,4,1
63,52,3,1
63,52,3,1
63,52,3,1
63,52,3,1
63,52,4,1
63,52,3,1
63,52,4,1
63,52,3,1
63,52,3,1
63,52,4,1
63,52,3,1
63,52,4,1
63,52,3,1
63,52,4,1
63,52,3,1
63,52,3,1
63,52,4,1
63,52,3,1
63,52,4,1
63,52,3,1
63,52,4,1
63,52,3,1
63,52,3,1
63,52,4,1
63,52,3,1
63,52,4,1
63,52,3,1
63,52,4,1
63,52,3,1
63,52,3,1
63,52,4,1
63,52,3,1
63,52,4,1
63,52,3,1
63,52,4,1
63,52,3,1
63,52,3,1
63,52,4,1
63,52,3,1
63,52,4,1
63,52,3,1
63,52,3,1
63,52,3,1
63,52,3,1
63,52,3,1
63,52,3,1
63,52,4,1
63,52,3,1
63,52,4,1
63,52,3,1
63,52,4,1
63,52,4,1
63,52,3,1
63,52,4,1
63,52,3,1
63,52,4,1
63,52,3,1
63,52,4,1
63,52,4,1
63,52,3,1
63,52,4,1
63,52,3,1
63,52,4,1
63,52,3,1
63,52,4,1
63,52,4,1
63,52,3,1
63,52,4,1
63,52,3,1
63,52,4,1
63,52,3,1
63,52,4,1
63,52,4,1
63,52,3,1
63,52,4,1
63,52,3,1
63,52,4,1
63,52,3,1
63,52,3,1
63,52,4,1
63,52,3,1
63,52,4,1
63,52,3,1
63,52,4,1
63,52,3,1
63,52,4,1
63,52,4,1
63,52,3,1
63,52,4,1
63,52,3,1
63,52,4,1
63,52,3,1
63,52,3,1
63,52,4,1
63,52,3,1
63,52,4,1
63,52,3,1
63,52,4,1
63,52,3,1
63,52,3,1
63,52,4,1
63,52,3,1
63,52,4,1
63,52,3,1
63,52,4,1
63,52,3,1
63,52,3,1
63,52,4,1
63,52,3,1
63,52,4,1
63,52,3,1
63,52,4,1
63,52,3,1
63,52,4,1
63,52,4,1
63,52,3,1
63,52,4,1
63,52,3,1
63,52,4,1
63,52,3,1
63,52,3,1
63,52,4,1
63,52,3,1
63,52,4,1
63,52,3,1
63,52,4,1
63,52,3,1
63,52,3,1
63,52,4,1
63,52,3,1
63,52,4,1
63,52,3,1
63,52,4,1
63,52,3,1
63,52,3,1
63,52,4,1
63,52,3,1
63,52,4,1
63,52,3,1
63,52,4,1
63,52,3,1
63,52,3,1
62,52,4,1
62,52,3,1
62,52,4,1
62,52,3,1
62,52,4,1
62,52,3,1
62,52,3,1
62,52,4,1
62,52,3,1
62,52,4,1
62,52,3,1
62,52,4,1
62,52,3,1
62,52,4,1
62,52,4,1
62,52,3,1
62,52,4,1
62,52,3,1
62,52,4,1
62,52,3,1
62,52,3,1
62,52,4,1
62,52,3,1
62,52,4,1
62,52,3,1
62,52,4,1
62,52,3,1
62,52,4,1
62,52,4,1
62,52,3,1
62,52,4,1
62,52,3,1
62,52,4,1
62,52,3,1
62,52,3,1
62,52,4,1
62,52,3,1
62,52,4,1
62,52,3,1
62,52,4,1
62,52,3,1
62,52,3,1
62,52,4,1
62,52,3,1
62,52,4,1
62,52,3,1
62,52,4,1
62,52,3,1
62,52,3,1
62,52,4,1
62,52,3,1
62,52,4,1
62,52,3,1
62,52,4,1
62,52,3,1
62,52,4,1
62,52,4,1
62,52,3,1
62,52,4,1
62,52,3,1
62,52,4,1
62,52,3,1
62,52,3,1
62,52,4,1
62,52,3,1
62,52,4,1
62,52,3,1
62,52,4,1
62,52,3,1
62,52,3,1
62,52,4,1
62,52,3,1
62,52,4,1
62,52,3,1
62,52,4,1
62,52,3,1
62,52,3,1
62,52,4,1
62,52,3,1
62,52,4,1
62,52,3,1
62,52,4,1
62,52,3,1
62,52,3,1
62,52,4,1
62,52,3,1
62,52,4,1
62,52,3,1
62,52,4,1
62,52,3,1
62,52,3,1
62,52,4,1
62,52,3,1
62,52,4,1
62,52,3,1
62,52,4,1
62,52,3,1
62,52,3,1
62,52,4,1
62,52,3,1
62,52,4,1
62,52,3,1
62,52,4,1
62,52,3,1
62,52,3,1
62,52,4,1
62,52,3,1
62,52,4,1
62,52,3,1
62,52,4,1
62,52,4,1
62,52,3,1
62,52,4,1
62,52,3,1
62,52,4,1
62,52,3,1
62,52,4,1
62,52,4,1
62,52,3,1
62,52,4,1
62,52,3,1
62,52,4,1
62,52,3,1
62,52,4,1
62,52,4,1
62,52,3,1
62,52,4,1
62,52,3,1
62,52,4,1
62,52,3,1
61,52,4,1
61,52,4,1
61,52,3,1
61,52,4,1
61,52,3,1
61,52,4,1
61,52,3,1
61,52,4,1
61,52,4,1
61,52,3,1
61,52,4,1
61,52,3,1
61,52,4,1
61,52,3,1
61,52,4,1
61,52,4,1
61,52,3,1
61,52,4,1
61,52,3,1
61,52,4,1
61,52,3,1
61,52,4,1
61,52,4,1
61,52,3,1
61,52,4,1
61,52,3,1
61,52,4,1
61,52,3,1
61,52,4,1
61,52,4,1
61,52,3,1
61,52,4,1
61,52,3,1
61,52,4,1
61,52,3,1
61,52,4,1
61,52,4,1
61,52,3,1
61,52,4,1
61,52,3,1
61,52,4,1
61,52,3,1
61,52,4,1
61,52,4,1
61,52,3,1
61,52,4,1
61,52,3,1
61,52,4,1
61,52,3,1
61,52,4,1
61,52,4,1
61,52,3,1
61,52,4,1
61,52,3,1
61,52,4,1
61,52,3,1
61,52,4,1
61,52,4,1
61,52,3,1
61,52,4,1
61,52,3,1
61,52,4,1
61,52,3,1
61,52,4,1
61,52,4,1
61,52,3,1
61,52,4,1
61,52,3,1
61,52,4,1
61,52,3,1
61,52,4,1
61,52,4,1
61,52,3,1
61,52,4,1
61,52,3,1
61,52,4,1
61,52,3,1
61,52,4,1
61,52,4,1
61,52,3,1
61,52,4,1
61,52,3,1
61,52,4,1
61,52,3,1
61,52,4,1
61,52,4,1
61,52,3,1
61,52,4,1
61,52,3,1
61,52,4,1
61,52,3,1
61,52,4,1
61,52,4,1
61,52,3,1
61,52,4,1
61,52,3,1
61,52,4,1
